State/UT,Constituency,Const. No.,Leading Candidate,Leading Party,Trailing Candidate,Trailing Party,Margin,Status
Andaman & Nicobar Islands,Andaman & Nicobar Islands,1,BISHNU PADA RAY,Bharatiya Janata Party,KULDEEP RAI SHARMA,Indian National Congress,24396,Result Declared
Andhra Pradesh,Amalapuram (SC),7,G M HARISH (BALAYOGI),Telugu Desam,RAPAKA VARAPRASADA RAO,Yuvajana Sramika Rythu Congress Party,342196,Result Declared
Andhra Pradesh,Anakapalle,5,C.M.RAMESH,Bharatiya Janata Party,BUDI MUTYALA NAIDU,Yuvajana Sramika Rythu Congress Party,296530,Result Declared
Andhra Pradesh,Ananthapur,19,AMBICA G LAKSHMINARAYANA VALMIKI,Telugu Desam,MALAGUNDLA SANKAR NARAYANA,Yuvajana Sramika Rythu Congress Party,188555,Result Declared
Andhra Pradesh,Araku (ST),1,GUMMA THANUJA RANI,Yuvajana Sramika Rythu Congress Party,KOTHAPALLI GEETHA,Bharatiya Janata Party,50580,Result Declared
Andhra Pradesh,Bapatla (SC),15,KRISHNA PRASAD TENNETI,Telugu Desam,NANDIGAM SURESH BABU,Yuvajana Sramika Rythu Congress Party,208031,Result Declared
Andhra Pradesh,Chittoor(SC),25,DAGGUMALLA PRASADA RAO,Telugu Desam,REDDEPPA.N .,Yuvajana Sramika Rythu Congress Party,220479,Result Declared
Andhra Pradesh,Eluru,10,PUTTA MAHESH KUMAR,Telugu Desam,KARUMURI SUNIL KUMAR,Yuvajana Sramika Rythu Congress Party,181857,Result Declared
Andhra Pradesh,Guntur,13,DR CHANDRA SEKHAR PEMMASANI,Telugu Desam,KILARI VENKATA ROSAIAH,Yuvajana Sramika Rythu Congress Party,344695,Result Declared
Andhra Pradesh,Hindupur,20,B K PARTHASARATHI,Telugu Desam,J SHANTHA,Yuvajana Sramika Rythu Congress Party,132427,Result Declared
Andhra Pradesh,Kadapa,21,Y. S. AVINASH REDDY,Yuvajana Sramika Rythu Congress Party,CHADIPIRALLA BHUPESH SUBBARAMI REDDY,Telugu Desam,62695,Result Declared
Andhra Pradesh,Kakinada,6,TANGELLA UDAY SRINIVAS (TEA TIME UDAY),Janasena Party,CHALAMALASETTY SUNIL,Yuvajana Sramika Rythu Congress Party,229491,Result Declared
Andhra Pradesh,Kurnoolu,18,BASTIPATI NAGARAJU PANCHALINGALA,Telugu Desam,B Y RAMAIAH,Yuvajana Sramika Rythu Congress Party,111298,Result Declared
Andhra Pradesh,Machilipatnam,11,BALASHOWRY VALLABHANENI,Janasena Party,SIMHADRI CHANDRA SEKHAR RAO,Yuvajana Sramika Rythu Congress Party,223179,Result Declared
Andhra Pradesh,Nandyal,17,DR BYREDDY SHABARI,Telugu Desam,POCHA BRAHMANANDA REDDY,Yuvajana Sramika Rythu Congress Party,111975,Result Declared
Andhra Pradesh,Narsapuram,9,BHUPATHI RAJU SRINIVASA VARMA (B.J.P.VARMA),Bharatiya Janata Party,UMABALA GUDURI,Yuvajana Sramika Rythu Congress Party,276802,Result Declared
Andhra Pradesh,Narsaraopet,14,LAVU SRIKRISHNA DEVARAYALU,Telugu Desam,ANIL KUMAR POLUBOINA,Yuvajana Sramika Rythu Congress Party,159729,Result Declared
Andhra Pradesh,Nellore,22,PRABHAKAR REDDY VEMIREDDY,Telugu Desam,VENUMBAKA VIJAYASAI REDDY,Yuvajana Sramika Rythu Congress Party,245902,Result Declared
Andhra Pradesh,Ongole,16,MAGUNTA SREENIVASULU REDDY,Telugu Desam,DR CHEVIREDDY BHASKAR REDD,Yuvajana Sramika Rythu Congress Party,50199,Result in Progress
Andhra Pradesh,Rajahmundry,8,DAGGUBATI PURANDHESHWARI,Bharatiya Janata Party,DR. GUDURI SRINIVAS,Yuvajana Sramika Rythu Congress Party,239139,Result Declared
Andhra Pradesh,Rajampet,24,P V MIDHUN REDDY,Yuvajana Sramika Rythu Congress Party,NALLARI KIRAN KUMAR REDDY,Bharatiya Janata Party,76071,Result Declared
Andhra Pradesh,Srikakulam,2,KINJARAPU RAMMOHAN NAIDU,Telugu Desam,TILAK PERADA,Yuvajana Sramika Rythu Congress Party,327901,Result Declared
Andhra Pradesh,Thirupathi(SC),23,GURUMOORTHY MADDILA,Yuvajana Sramika Rythu Congress Party,VARA PRASAD RAO VELAGAPALLI,Bharatiya Janata Party,14569,Result Declared
Andhra Pradesh,Vijayawada,12,KESINENI SIVANATH (CHINNI),Telugu Desam,KESINENI SRINIVAS (NANI),Yuvajana Sramika Rythu Congress Party,282085,Result Declared
Andhra Pradesh,Visakhapatnam,4,SRIBHARAT MATHUKUMILI,Telugu Desam,JHANSI LAKSHMI. BOTCHA.,Yuvajana Sramika Rythu Congress Party,504247,Result Declared
Andhra Pradesh,Vizianagaram,3,APPALANAIDU KALISETTI,Telugu Desam,BELLANA CHANDRASEKHAR,Yuvajana Sramika Rythu Congress Party,249351,Result Declared
Arunachal Pradesh,Arunachal East,2,TAPIR GAO,Bharatiya Janata Party,BOSIRAM SIRAM,Indian National Congress,30421,Result Declared
Arunachal Pradesh,Arunachal West,1,KIREN RIJIJU,Bharatiya Janata Party,NABAM TUKI,Indian National Congress,100738,Result Declared
Assam,Barpeta,3,PHANI BHUSAN CHOUDHURY,Asom Gana Parishad,DEEP BAYAN,Indian National Congress,222351,Result Declared
Assam,Darrang-Udalguri,4,DILIP SAIKIA,Bharatiya Janata Party,MADHAB RAJBANGSHI,Indian National Congress,329012,Result Declared
Assam,Dhubri,2,RAKIBUL HUSSAIN,Indian National Congress,MOHAMMED BADRUDDIN AJMAL,All India United Democratic Front,1012476,Result Declared
Assam,Dibrugarh,13,SARBANANDA SONOWAL,Bharatiya Janata Party,LURINJYOTI GOGOI,Assam Jatiya Parishad,279321,Result Declared
Assam,Diphu,6,AMARSING TISSO,Bharatiya Janata Party,J. I. KATHAR,Independent,147603,Result Declared
Assam,Guwahati,5,BIJULI KALITA MEDHI,Bharatiya Janata Party,MIRA BORTHAKUR GOSWAMI,Indian National Congress,251090,Result Declared
Assam,Jorhat,14,GAURAV GOGOI,Indian National Congress,TOPON KUMAR GOGOI,Bharatiya Janata Party,144393,Result Declared
Assam,Karimganj,7,KRIPANATH MALLAH,Bharatiya Janata Party,HAFIZ RASHID AHMED CHOUDHURY,Indian National Congress,18360,Result Declared
Assam,Kaziranga,10,KAMAKHYA PRASAD TASA,Bharatiya Janata Party,ROSELINA TIRKEY,Indian National Congress,248947,Result Declared
Assam,Kokrajhar,1,JOYANTA BASUMATARY,"United People’s Party, Liberal",KAMPA BORGOYARI,Bodoland Peoples Front,51583,Result Declared
Assam,Lakhimpur,12,PRADAN BARUAH,Bharatiya Janata Party,UDAY SHANKAR HAZARIKA,Indian National Congress,201257,Result Declared
Assam,Nagaon,9,PRADYUT BORDOLOI,Indian National Congress,SURESH BORAH,Bharatiya Janata Party,212231,Result Declared
Assam,Silchar,8,PARIMAL SUKLABAIDYA,Bharatiya Janata Party,SURYA KANTA SARKAR,Indian National Congress,264311,Result Declared
Assam,Sonitpur,11,RANJIT DUTTA,Bharatiya Janata Party,PREMLAL GANJU,Indian National Congress,361408,Result Declared
Bihar,Araria,9,PRADEEP KUMAR SINGH,Bharatiya Janata Party,SHAHNAWAZ,Rashtriya Janata Dal,20094,Result Declared
Bihar,Arrah,32,SUDAMA PRASAD,Communist Party of India (Marxist-Leninist) (Liberation),R. K. SINGH,Bharatiya Janata Party,59808,Result Declared
Bihar,Aurangabad,37,ABHAY KUMAR SINHA,Rashtriya Janata Dal,SUSHIL KUMAR SINGH,Bharatiya Janata Party,79111,Result Declared
Bihar,Banka,27,GIRIDHARI YADAV,Janata Dal (United),JAI PRAKASH NARAYAN YADAV,Rashtriya Janata Dal,103844,Result Declared
Bihar,Begusarai,24,GIRIRAJ SINGH,Bharatiya Janata Party,ABDHESH KUMAR ROY,Communist Party of India,81480,Result Declared
Bihar,Bhagalpur,26,AJAY KUMAR MANDAL,Janata Dal (United),AJEET SHARMA,Indian National Congress,104868,Result Declared
Bihar,Buxar,33,SUDHAKAR SINGH,Rashtriya Janata Dal,MITHILESH TIWARI,Bharatiya Janata Party,30091,Result Declared
Bihar,Darbhanga,14,GOPAL JEE THAKUR,Bharatiya Janata Party,LALIT KUMAR YADAV,Rashtriya Janata Dal,178156,Result Declared
Bihar,Gaya,38,JITAN RAM MANJHI,Hindustani Awam Morcha (Secular),KUMAR SARVJEET,Rashtriya Janata Dal,101812,Result Declared
Bihar,Gopalganj,17,DR. ALOK KUMAR SUMAN,Janata Dal (United),PREM NATH CHANCHAL ALIAS CHANCHAL PASWAN,Vikassheel Insaan Party,127180,Result Declared
Bihar,Hajipur,21,CHIRAG PASWAN,Lok Janshakti Party(Ram Vilas),SHIV CHANDRA RAM,Rashtriya Janata Dal,170105,Result Declared
Bihar,Jahanabad,36,SURENDRA PRASAD YADAV,Rashtriya Janata Dal,CHANDESHWAR PRASAD,Janata Dal (United),142591,Result Declared
Bihar,Jamui,40,ARUN BHARTI,Lok Janshakti Party(Ram Vilas),ARCHANA KUMARI,Rashtriya Janata Dal,112482,Result Declared
Bihar,Jhanjharpur,7,RAMPRIT MANDAL,Janata Dal (United),SUMAN KUMAR MAHASETH,Vikassheel Insaan Party,184169,Result Declared
Bihar,Karakat,35,RAJA RAM SINGH,Communist Party of India (Marxist-Leninist) (Liberation),PAWAN SINGH,Independent,105858,Result Declared
Bihar,Katihar,11,TARIQ ANWAR,Indian National Congress,DULAL CHANDRA GOSWAMI,Janata Dal (United),49863,Result Declared
Bihar,Khagaria,25,RAJESH VERMA,Lok Janshakti Party(Ram Vilas),SANJAY KUMAR,Communist Party of India (Marxist),161131,Result Declared
Bihar,Kishanganj,10,MOHAMMAD JAWED,Indian National Congress,MUJAHID ALAM,Janata Dal (United),59692,Result Declared
Bihar,Madhepura,13,DINESH CHANDRA YADAV,Janata Dal (United),DA KUMAR CHANDRADEEP,Rashtriya Janata Dal,174534,Result Declared
Bihar,Madhubani,6,ASHOK KUMAR YADAV,Bharatiya Janata Party,MD ALI ASHRAF FATMI,Rashtriya Janata Dal,151945,Result Declared
Bihar,Maharajganj,19,"JANARDAN SINGH ""SIGRIWAL""",Bharatiya Janata Party,AAKASH KUMAR SINGH,Indian National Congress,102651,Result Declared
Bihar,Munger,28,RAJIV RANJAN SINGH ALIAS LALAN SINGH,Janata Dal (United),KUMARI ANITA,Rashtriya Janata Dal,80870,Result Declared
Bihar,Muzaffarpur,15,RAJ BHUSHAN CHOUDHARY,Bharatiya Janata Party,AJAY NISHAD,Indian National Congress,234927,Result Declared
Bihar,Nalanda,29,KAUSHALENDRA KUMAR,Janata Dal (United),DR. SANDEEP SAURAV,Communist Party of India (Marxist-Leninist) (Liberation),169114,Result Declared
Bihar,Nawada,39,VIVEK THAKUR,Bharatiya Janata Party,SHRAWAN KUMAR,Rashtriya Janata Dal,67670,Result Declared
Bihar,Paschim Champaran,2,DR.SANJAY JAISWAL,Bharatiya Janata Party,MADAN MOHAN TIWARI,Indian National Congress,136568,Result Declared
Bihar,Patliputra,31,MISHA BHARTI,Rashtriya Janata Dal,RAM KRIPAL YADAV,Bharatiya Janata Party,85174,Result Declared
Bihar,Patna Sahib,30,RAVI SHANKAR PRASAD,Bharatiya Janata Party,ANSHUL AVIJIT,Indian National Congress,153846,Result Declared
Bihar,Purnia,12,RAJESH RANJAN ALIAS PAPPU YADAV,Independent,SANTOSH KUMAR,Janata Dal (United),23847,Result Declared
Bihar,Purvi Champaran,3,RADHA MOHAN SINGH,Bharatiya Janata Party,DR RAJESH KUMAR,Vikassheel Insaan Party,88287,Result Declared
Bihar,Samastipur,23,SHAMBHAVI,Lok Janshakti Party(Ram Vilas),SUNNY HAZARI,Indian National Congress,187251,Result Declared
Bihar,Saran,20,RAJIV PRATAP RUDY,Bharatiya Janata Party,ROHINI ACHARYA,Rashtriya Janata Dal,13661,Result Declared
Bihar,Sasaram,34,MANOJ KUMAR,Indian National Congress,SHIVESH KUMAR,Bharatiya Janata Party,19157,Result Declared
Bihar,Sheohar,4,LOVELY ANAND,Janata Dal (United),RITU JAISWAL,Rashtriya Janata Dal,29143,Result Declared
Bihar,Sitamarhi,5,DEVESH CHANDRA THAKUR,Janata Dal (United),ARJUN RAY,Rashtriya Janata Dal,51356,Result Declared
Bihar,Siwan,18,VIJAYLAKSHMI DEVI,Janata Dal (United),HENA SHAHAB,Independent,92857,Result Declared
Bihar,Supaul,8,DILESHWAR KAMAIT,Janata Dal (United),CHANDRAHAS CHAUPAL,Rashtriya Janata Dal,169803,Result Declared
Bihar,Ujiarpur,22,NITYANAND RAI,Bharatiya Janata Party,ALOK KUMAR MEHTA,Rashtriya Janata Dal,60102,Result Declared
Bihar,Vaishali,16,VEENA DEVI,Lok Janshakti Party(Ram Vilas),VIJAY KUMAR SHUKLA,Rashtriya Janata Dal,89634,Result Declared
Bihar,Valmiki Nagar,1,SUNIL KUMAR,Janata Dal (United),DEEPAK YADAV,Rashtriya Janata Dal,98675,Result Declared
Chandigarh,Chandigarh,1,MANISH TEWARI,Indian National Congress,SANJAY TANDON,Bharatiya Janata Party,2504,Result Declared
Chhattisgarh,BASTAR,10,MAHESH KASHYAP,Bharatiya Janata Party,KAWASI LAKHMA,Indian National Congress,55245,Result Declared
Chhattisgarh,BILASPUR,5,TOKHAN SAHU,Bharatiya Janata Party,DEVENDRA YADAV,Indian National Congress,164558,Result Declared
Chhattisgarh,DURG,7,VIJAY BAGHEL,Bharatiya Janata Party,RAJENDRA SAHU,Indian National Congress,438226,Result Declared
Chhattisgarh,JANJGIR-CHAMPA,3,KAMLESH JANGDE,Bharatiya Janata Party,DR. SHIVKUMAR DAHARIYA,Indian National Congress,60000,Result Declared
Chhattisgarh,KANKER,11,BHOJRAJ NAG,Bharatiya Janata Party,BIRESH THAKUR,Indian National Congress,1884,Result Declared
Chhattisgarh,KORBA,4,JYOTSNA CHARANDAS MAHANT,Indian National Congress,SAROJ PANDEY,Bharatiya Janata Party,43283,Result Declared
Chhattisgarh,MAHASAMUND,9,ROOP KUMARI CHOUDHARY,Bharatiya Janata Party,TAMRADHWAJ SAHU,Indian National Congress,145456,Result Declared
Chhattisgarh,RAIGARH,2,RADHESHYAM RATHIYA,Bharatiya Janata Party,DR. MENKA DEVI SINGH,Indian National Congress,240391,Result Declared
Chhattisgarh,RAIPUR,8,BRIJMOHAN AGRAWAL,Bharatiya Janata Party,VIKAS UPADHYAY,Indian National Congress,575285,Result Declared
Chhattisgarh,RAJNANDGAON,6,SANTOSH PANDEY,Bharatiya Janata Party,BHUPESH BAGHEL,Indian National Congress,44411,Result Declared
Chhattisgarh,SURGUJA,1,CHINTAMANI MAHARAJ,Bharatiya Janata Party,SHASHI SINGH KORAM,Indian National Congress,64822,Result Declared
Dadra & Nagar Haveli and Daman & Diu,Dadar & Nagar Haveli,2,DELKAR KALABEN MOHANBHAI,Bharatiya Janata Party,AJIT RAMJIBHAI MAHALA,Indian National Congress,57584,Result Declared
Dadra & Nagar Haveli and Daman & Diu,Daman & Diu,1,PATEL UMESHBHAI BABUBHAI,Independent,LALUBHAI BABUBHAI PATEL,Bharatiya Janata Party,6225,Result Declared
Goa,North Goa,1,SHRIPAD YESSO NAIK,Bharatiya Janata Party,RAMAKANT KHALAP,Indian National Congress,116015,Result Declared
Goa,South Goa,2,CAPTAIN VIRIATO FERNANDES,Indian National Congress,PALLAVI SHRINIVAS DEMPO,Bharatiya Janata Party,13535,Result Declared
Gujarat,Ahmedabad East,7,HASMUKHBHAI PATEL (H.S.PATEL),Bharatiya Janata Party,HIMMATSINH PRAHLADSINH PATEL,Indian National Congress,461755,Result Declared
Gujarat,Ahmedabad West,8,DINESHBHAI MAKWANA (ADVOCATE),Bharatiya Janata Party,BHARAT YOGENDRA MAKWANA,Indian National Congress,286437,Result Declared
Gujarat,Amreli,14,BHARATBHAI MANUBHAI SUTARIYA,Bharatiya Janata Party,JENNY THUMMAR,Indian National Congress,321068,Result Declared
Gujarat,Anand,16,MITESH PATEL (BAKABHAI),Bharatiya Janata Party,AMIT CHAVDA,Indian National Congress,89939,Result Declared
Gujarat,Banaskantha,2,GENIBEN NAGAJI THAKOR,Indian National Congress,DR. REKHABEN HITESHBHAI CHAUDHARI,Bharatiya Janata Party,30406,Result Declared
Gujarat,Bardoli,23,PARBHUBHAI NAGARBHAI VASAVA,Bharatiya Janata Party,CHAUDHARY SIDDHARTH AMARSINH,Indian National Congress,230253,Result Declared
Gujarat,Bharuch,22,MANSUKHBHAI DHANJIBHAI VASAVA,Bharatiya Janata Party,CHAITARBHAI DAMJIBHAI VASAVA,Aam Aadmi Party,85696,Result Declared
Gujarat,Bhavnagar,15,NIMUBEN JAYANTIBHAI BAMBHANIYA (NIMUBEN BAMBHANIYA),Bharatiya Janata Party,UMESHBHAI NARANBHAI MAKWANA,Aam Aadmi Party,455289,Result Declared
Gujarat,Chhota Udaipur,21,JASHUBHAI BHILUBHAI RATHVA,Bharatiya Janata Party,SUKHRAMBHAI HARIYABHAI RATHWA,Indian National Congress,398777,Result Declared
Gujarat,Dahod,19,JASWANTSINH SUMANBHAI BHABHOR,Bharatiya Janata Party,DR. PRABHABEN KISHORSINH TAVIYAD,Indian National Congress,333677,Result Declared
Gujarat,Gandhinagar,6,AMIT SHAH,Bharatiya Janata Party,SONAL RAMANBHAI PATEL,Indian National Congress,744716,Result Declared
Gujarat,Jamnagar,12,POONAMBEN HEMATBHAI MAADAM,Bharatiya Janata Party,ADVOCATE J. P. MARAVIYA,Indian National Congress,238008,Result Declared
Gujarat,Junagadh,13,CHUDASAMA RAJESHBHAI NARANBHAI,Bharatiya Janata Party,JOTVA HIRABHAI ARJANBHAI,Indian National Congress,135494,Result Declared
Gujarat,Kachchh,1,CHAVDA VINOD LAKHAMSHI,Bharatiya Janata Party,NITESH PARBATBHAI LALAN (MATANG),Indian National Congress,268782,Result Declared
Gujarat,Kheda,17,DEVUSINH CHAUHAN,Bharatiya Janata Party,KALUSINH DABHI,Indian National Congress,357758,Result Declared
Gujarat,Mahesana,4,HARIBHAI PATEL,Bharatiya Janata Party,RAMJI THAKOR,Indian National Congress,328046,Result Declared
Gujarat,Navsari,25,C R PATIL,Bharatiya Janata Party,NAISHADHBHAI BHUPATBHAI DESAI,Indian National Congress,773551,Result Declared
Gujarat,Panchmahal,18,RAJPALSINH MAHENDRASINH JADAV,Bharatiya Janata Party,GULABSINH SOMSINH CHAUHAN,Indian National Congress,509342,Result Declared
Gujarat,Patan,3,DABHI BHARATSINHJI SHANKARJI,Bharatiya Janata Party,CHANDANJI TALAJI THAKOR,Indian National Congress,31876,Result Declared
Gujarat,Porbandar,11,DR. MANSUKH MANDAVIYA,Bharatiya Janata Party,LALIT VASOYA,Indian National Congress,383360,Result Declared
Gujarat,Rajkot,10,PARSHOTTAMBHAI RUPALA,Bharatiya Janata Party,DHANANI PARESH,Indian National Congress,484260,Result Declared
Gujarat,Sabarkantha,5,SHOBHANABEN MAHENDRASINH BARAIYA,Bharatiya Janata Party,CHAUDHARI TUSHAR AMARSINH,Indian National Congress,155682,Result Declared
Gujarat,Surat,24,MUKESHKUMAR CHANDRAKAANT DALAL,Bharatiya Janata Party,,,-,Uncontested
Gujarat,Surendranagar,9,CHANDUBHAI CHHAGANBHAI SHIHORA,Bharatiya Janata Party,RUTVIKBHAI LAVJIBHAI MAKWANA,Indian National Congress,261617,Result Declared
Gujarat,Vadodara,20,DR. HEMANG JOSHI,Bharatiya Janata Party,PADHIYAR JASHPALSINH MAHENDRASINH (BAPU),Indian National Congress,582126,Result Declared
Gujarat,Valsad,26,DHAVAL LAXMANBHAI PATEL,Bharatiya Janata Party,ANANTKUMAR HASMUKHBHAI PATEL,Indian National Congress,210704,Result Declared
Haryana,AMBALA,1,VARUN CHAUDHRY,Indian National Congress,BANTO KATARIA,Bharatiya Janata Party,49036,Result Declared
Haryana,BHIWANI-MAHENDRAGARH,8,DHARAMBIR SINGH,Bharatiya Janata Party,RAO DAN SINGH,Indian National Congress,41510,Result Declared
Haryana,FARIDABAD,10,KRISHAN PAL,Bharatiya Janata Party,MAHENDER PRATAP SINGH,Indian National Congress,172914,Result Declared
Haryana,GURGAON,9,RAO INDERJIT SINGH,Bharatiya Janata Party,RAJ BABBAR,Indian National Congress,75079,Result Declared
Haryana,HISAR,4,JAI PARKASH (J P) S/O HARIKESH,Indian National Congress,RANJIT SINGH,Bharatiya Janata Party,63381,Result Declared
Haryana,KARNAL,5,MANOHAR LAL,Bharatiya Janata Party,DIVYANSHU BUDHIRAJA,Indian National Congress,232577,Result Declared
Haryana,KURUKSHETRA,2,NAVEEN JINDAL,Bharatiya Janata Party,DR SUSHIL GUPTA,Aam Aadmi Party,29021,Result Declared
Haryana,ROHTAK,7,DEEPENDER SINGH HOODA,Indian National Congress,DR. ARVIND KUMAR SHARMA,Bharatiya Janata Party,345298,Result in Progress
Haryana,SIRSA,3,SELJA,Indian National Congress,ASHOK TANWAR,Bharatiya Janata Party,268497,Result Declared
Haryana,SONIPAT,6,SATPAL BRAHAMCHARI,Indian National Congress,MOHAN LAL BADOLI,Bharatiya Janata Party,21816,Result Declared
Himachal Pradesh,HAMIRPUR,3,ANURAG SINGH THAKUR,Bharatiya Janata Party,SATPAL RAIZADA,Indian National Congress,182357,Result Declared
Himachal Pradesh,KANGRA,1,DR RAJEEV BHARDWAJ,Bharatiya Janata Party,ANAND SHARMA,Indian National Congress,251895,Result Declared
Himachal Pradesh,MANDI,2,KANGNA RANAUT,Bharatiya Janata Party,VIKRAMADITYA SINGH,Indian National Congress,74755,Result Declared
Himachal Pradesh,SHIMLA,4,Suresh Kumar Kashyap,Bharatiya Janata Party,Vinod Sultanpuri,Indian National Congress,91451,Result Declared
Jammu and Kashmir,ANANTNAG-RAJOURI,3,MIAN ALTAF AHMAD,Jammu & Kashmir National Conference,MEHBOOBA MUFTI,Jammu & Kashmir Peoples Democratic Party,281794,Result Declared
Jammu and Kashmir,BARAMULLA,1,ABDUL RASHID SHEIKH,Independent,OMAR ABDULLAH,Jammu & Kashmir National Conference,204142,Result Declared
Jammu and Kashmir,JAMMU,5,JUGAL KISHORE,Bharatiya Janata Party,RAMAN BHALLA,Indian National Congress,135498,Result Declared
Jammu and Kashmir,SRINAGAR,2,AGA SYED RUHULLAH MEHDI,Jammu & Kashmir National Conference,WAHEED UR REHMAN PARA,Jammu & Kashmir Peoples Democratic Party,188416,Result Declared
Jammu and Kashmir,UDHAMPUR,4,DR JITENDRA SINGH,Bharatiya Janata Party,CH LAL SINGH,Indian National Congress,124373,Result Declared
Jharkhand,Chatra,4,KALI CHARAN SINGH,Bharatiya Janata Party,KRISHNA NAND TRIPATHI,Indian National Congress,220959,Result Declared
Jharkhand,Dhanbad,7,DULU MAHATO,Bharatiya Janata Party,ANUPAMA SINGH,Indian National Congress,331583,Result Declared
Jharkhand,Dumka,2,NALIN SOREN,Jharkhand Mukti Morcha,SITA MURMU,Bharatiya Janata Party,22527,Result Declared
Jharkhand,Giridih,6,CHANDRA PRAKASH CHOUDHARY,AJSU Party,MATHURA PRASAD MAHATO,Jharkhand Mukti Morcha,80880,Result Declared
Jharkhand,Godda,3,NISHIKANT DUBEY,Bharatiya Janata Party,PRADEEP YADAV,Indian National Congress,101813,Result Declared
Jharkhand,Hazaribagh,14,MANISH JAISWAL,Bharatiya Janata Party,JAI PRAKASH BHAI PATEL,Indian National Congress,276686,Result Declared
Jharkhand,Jamshedpur,9,BIDYUT BARAN MAHATO,Bharatiya Janata Party,SAMIR KUMAR MOHANTY,Jharkhand Mukti Morcha,259782,Result Declared
Jharkhand,Khunti,11,KALI CHARAN MUNDA,Indian National Congress,ARJUN MUNDA,Bharatiya Janata Party,149675,Result Declared
Jharkhand,Kodarma,5,ANNPURNA DEVI,Bharatiya Janata Party,VINOD KUMAR SINGH,Communist Party of India (Marxist-Leninist) (Liberation),377014,Result Declared
Jharkhand,Lohardaga,12,SUKHDEO BHAGAT,Indian National Congress,SAMIR ORAON,Bharatiya Janata Party,139138,Result Declared
Jharkhand,Palamau,13,VISHNU DAYAL RAM,Bharatiya Janata Party,MAMTA BHUIYAN,Rashtriya Janata Dal,288807,Result Declared
Jharkhand,Rajmahal,1,VIJAY KUMAR HANSDAK,Jharkhand Mukti Morcha,TALA MARANDI,Bharatiya Janata Party,178264,Result Declared
Jharkhand,Ranchi,8,SANJAY SETH,Bharatiya Janata Party,YASHASWINI SAHAY,Indian National Congress,120512,Result Declared
Jharkhand,Singhbhum,10,JOBA MAJHI,Jharkhand Mukti Morcha,GEETA KORA,Bharatiya Janata Party,168402,Result Declared
Karnataka,Bagalkot,3,GADDIGOUDAR. PARVATAGOUDA. CHANDANAGOUDA.,Bharatiya Janata Party,SAMYUKTA SHIVANAND PATIL,Indian National Congress,68399,Result Declared
Karnataka,Bangalore central,25,P C MOHAN,Bharatiya Janata Party,MANSOOR ALI KHAN,Indian National Congress,32707,Result Declared
Karnataka,Bangalore North,24,SHOBHA KARANDLAJE,Bharatiya Janata Party,PROFESSOR M.V RAJEEV GOWDA,Indian National Congress,259476,Result Declared
Karnataka,Bangalore Rural,23,DR C N MANJUNATH,Bharatiya Janata Party,D K SURESH,Indian National Congress,269647,Result Declared
Karnataka,Bangalore South,26,TEJASVI SURYA,Bharatiya Janata Party,SOWMYA REDDY,Indian National Congress,277083,Result Declared
Karnataka,Belgaum,2,JAGADISH SHETTAR,Bharatiya Janata Party,MRINAL R HEBBALKAR,Indian National Congress,178437,Result Declared
Karnataka,Bellary,9,E. TUKARAM,Indian National Congress,B. SREERAMULU,Bharatiya Janata Party,98992,Result Declared
Karnataka,Bidar,7,SAGAR ESHWAR KHANDRE,Indian National Congress,BHAGWANTH KHUBA,Bharatiya Janata Party,128875,Result Declared
Karnataka,Bijapur,4,RAMESH JIGAJINAGI,Bharatiya Janata Party,RAJU ALAGUR.,Indian National Congress,77229,Result Declared
Karnataka,Chamarajanagar,22,SUNIL BOSE,Indian National Congress,BALARAJ.S,Bharatiya Janata Party,188706,Result Declared
Karnataka,Chikkballapur,27,DR.K.SUDHAKAR,Bharatiya Janata Party,M.S. RAKSHA RAMAIAH,Indian National Congress,163460,Result Declared
Karnataka,Chikkodi,1,PRIYANKA SATISH JARKIHOLI,Indian National Congress,ANNASAHEB SHANKAR JOLLE,Bharatiya Janata Party,90834,Result Declared
Karnataka,Chitradurga,18,GOVIND MAKTHAPPA KARJOL,Bharatiya Janata Party,B.N.CHANDRAPPA,Indian National Congress,48121,Result Declared
Karnataka,Dakshina Kannada,17,CAPTAIN BRIJESH CHOWTA,Bharatiya Janata Party,PADMARAJ.R.POOJARY,Indian National Congress,149208,Result Declared
Karnataka,Davanagere,13,DR. PRABHA MALLIKARJUN,Indian National Congress,GAYITHRI SIDDESHWARA,Bharatiya Janata Party,26094,Result Declared
Karnataka,Dharwad,11,PRALHAD JOSHI,Bharatiya Janata Party,VINOD ASOOTI,Indian National Congress,97324,Result Declared
Karnataka,Gulbarga,5,RADHAKRISHNA,Indian National Congress,DR. UMESH G JADHAV,Bharatiya Janata Party,27205,Result Declared
Karnataka,Hassan,16,SHREYAS. M. PATEL,Indian National Congress,PRAJWAL REVANNA,Janata Dal (Secular),42649,Result Declared
Karnataka,Haveri,10,BASAVARAJ BOMMAI,Bharatiya Janata Party,ANANDSWAMY GADDADEVARMATH,Indian National Congress,43513,Result Declared
Karnataka,Kolar,28,M. MALLESH BABU,Janata Dal (Secular),K V GOWTHAM,Indian National Congress,71388,Result Declared
Karnataka,Koppal,8,K. RAJASHEKAR BASAVARAJ HITNAL,Indian National Congress,DR . BASAVARAJ. K. SHARANAPPA,Bharatiya Janata Party,46357,Result Declared
Karnataka,Mandya,20,H.D. KUMARASWAMY,Janata Dal (Secular),VENKATARAMANE GOWDA (STAR CHANDRU),Indian National Congress,284620,Result Declared
Karnataka,Mysore,21,YADUVEER KRISHNADATTA CHAMARAJA WADIYAR,Bharatiya Janata Party,M. LAKSHMANA,Indian National Congress,139262,Result Declared
Karnataka,Raichur,6,G. KUMAR NAIK.,Indian National Congress,RAJA AMARESHWARA NAIK.,Bharatiya Janata Party,79781,Result Declared
Karnataka,Shimoga,14,B.Y.RAGHAVENDRA,Bharatiya Janata Party,GEETHA SHIVARAJKUMAR,Indian National Congress,243715,Result Declared
Karnataka,Tumkur,19,V. SOMANNA,Bharatiya Janata Party,S.P. MUDDAHANUMEGOWDA,Indian National Congress,175594,Result Declared
Karnataka,Udupi Chikmagalur,15,KOTA SRINIVAS POOJARY,Bharatiya Janata Party,K. JAYAPRAKASH HEGDE,Indian National Congress,259175,Result Declared
Karnataka,Uttara Kannada,12,VISHWESHWAR HEGDE KAGERI,Bharatiya Janata Party,DR. ANJALI NIMBALKAR,Indian National Congress,337428,Result Declared
Kerala,Alappuzha,15,K. C VENUGOPAL,Indian National Congress,A. M ARIFF,Communist Party of India (Marxist),63513,Result Declared
Kerala,Alathur,9,K.RADHAKRISHNAN,Communist Party of India (Marxist),RAMYA HARIDAS,Indian National Congress,20111,Result Declared
Kerala,Attingal,19,ADV ADOOR PRAKASH,Indian National Congress,V JOY,Communist Party of India (Marxist),684,Result Declared
Kerala,Chalakudy,11,BENNY BEHANAN,Indian National Congress,PROF C RAVEENDRANATH,Communist Party of India (Marxist),63754,Result Declared
Kerala,Ernakulam,12,HIBI EDEN,Indian National Congress,K. J. SHINE TEACHER,Communist Party of India (Marxist),250385,Result Declared
Kerala,Idukki,13,ADV. DEAN KURIAKOSE,Indian National Congress,ADV. JOICE GEORGE,Communist Party of India (Marxist),133727,Result Declared
Kerala,Kannur,2,K. SUDHAKARAN,Indian National Congress,M.V. JAYARAJAN,Communist Party of India (Marxist),108982,Result Declared
Kerala,Kasaragod,1,RAJMOHAN UNNITHAN,Indian National Congress,M.V BALAKRISHNAN MASTER,Communist Party of India (Marxist),100649,Result Declared
Kerala,Kollam,18,N K PREMACHANDRAN,Revolutionary Socialist Party,M MUKESH,Communist Party of India (Marxist),150302,Result Declared
Kerala,Kottayam,14,ADV K FRANCIS GEORGE,Kerala Congress,THOMAS CHAZHIKADAN,Kerala Congress (M),87266,Result Declared
Kerala,Kozhikode,5,M. K. RAGHAVAN,Indian National Congress,ELAMARAM KAREEM,Communist Party of India (Marxist),146176,Result Declared
Kerala,Malappuram,6,E.T. MOHAMMED BASHEER,Indian Union Muslim League,V. VASEEF,Communist Party of India (Marxist),300118,Result Declared
Kerala,Mavelikkara,16,KODIKUNNIL SURESH,Indian National Congress,ADV ARUN KUMAR C A,Communist Party of India,10868,Result Declared
Kerala,Palakkad,8,V K SREEKANDAN,Indian National Congress,A VIJAYARAGHAVAN,Communist Party of India (Marxist),75283,Result Declared
Kerala,Pathanamthitta,17,ANTO ANTONY,Indian National Congress,DR.T.M.THOMAS ISSAC,Communist Party of India (Marxist),66119,Result Declared
Kerala,Ponnani,7,DR. M.P ABDUSSAMAD SAMADANI,Indian Union Muslim League,K.S HAMZA,Communist Party of India (Marxist),235760,Result Declared
Kerala,Thiruvananthapuram,20,SHASHI THAROOR,Indian National Congress,RAJEEV CHANDRASEKHAR,Bharatiya Janata Party,16077,Result Declared
Kerala,Thrissur,10,SURESH GOPI,Bharatiya Janata Party,ADV V S SUNILKUMAR,Communist Party of India,74686,Result Declared
Kerala,Vadakara,3,SHAFI PARAMBIL,Indian National Congress,K K SHAILAJA TEACHER,Communist Party of India (Marxist),114506,Result Declared
Kerala,Wayanad,4,RAHUL GANDHI,Indian National Congress,ANNIE RAJA,Communist Party of India,364422,Result Declared
Ladakh,Ladakh,1,MOHMAD HANEEFA,Independent,TSERING NAMGYAL,Indian National Congress,27862,Result Declared
Lakshadweep,Lakshadweep,1,MUHAMMED HAMDULLAH SAYEED,Indian National Congress,MOHAMMED FAIZAL PP,Nationalist Congress Party – Sharadchandra Pawar,2647,Result Declared
Madhya Pradesh,BALAGHAT,15,BHARTI PARDHI,Bharatiya Janata Party,SAMRAT ASHOK SINGH SARASWAR,Indian National Congress,174512,Result Declared
Madhya Pradesh,BETUL,29,DURGADAS (D. D.) UIKEY,Bharatiya Janata Party,RAMU TEKAM,Indian National Congress,379761,Result Declared
Madhya Pradesh,BHIND,2,SANDHYA RAY,Bharatiya Janata Party,PHOOL SINGH BARAIYA,Indian National Congress,64840,Result Declared
Madhya Pradesh,BHOPAL,19,ALOK SHARMA,Bharatiya Janata Party,ADVOCATE ARUN SHRIVASTAVA,Indian National Congress,501499,Result Declared
Madhya Pradesh,CHHINDWARA,16,BUNTY VIVEK SAHU,Bharatiya Janata Party,NAKUL KAMALNATH,Indian National Congress,113618,Result Declared
Madhya Pradesh,DAMOH,7,RAHUL SINGH LODHI,Bharatiya Janata Party,TARBAR SINGH LODHI (BANTU BHAIYA),Indian National Congress,406426,Result Declared
Madhya Pradesh,DEWAS,21,MAHENDRA SINGH SOLANKY,Bharatiya Janata Party,RAJENDRA RADHAKISHAN MALVIYA,Indian National Congress,425225,Result Declared
Madhya Pradesh,DHAR,25,SAVITRI THAKUR,Bharatiya Janata Party,RADHESHYAM MUVEL,Indian National Congress,218665,Result Declared
Madhya Pradesh,GUNA,4,JYOTIRADITYA M. SCINDIA,Bharatiya Janata Party,YADVENDRA RAO DESHRAJ SINGH,Indian National Congress,540929,Result Declared
Madhya Pradesh,GWALIOR,3,BHARAT SINGH KUSHWAH,Bharatiya Janata Party,PRAVEEN PATHAK,Indian National Congress,70210,Result Declared
Madhya Pradesh,HOSHANGABAD,17,DARSHAN SINGH CHOUDHARY,Bharatiya Janata Party,SANJAY SHARMA SANJU BHAIYA,Indian National Congress,431696,Result Declared
Madhya Pradesh,INDORE,26,SHANKAR LALWANI,Bharatiya Janata Party,SANJAY S/O LAKSHMAN SOLANKI,Bahujan Samaj Party,1175092,Result Declared
Madhya Pradesh,JABALPUR,13,ASHISH DUBEY,Bharatiya Janata Party,DINESH YADAV,Indian National Congress,486674,Result Declared
Madhya Pradesh,KHAJURAHO,8,VISHNU DATT SHARMA (V.D.SHARMA),Bharatiya Janata Party,KAMLESH KUMAR,Bahujan Samaj Party,541229,Result Declared
Madhya Pradesh,KHANDWA,28,GYANESHWAR PATIL,Bharatiya Janata Party,NARENDRA PATEL,Indian National Congress,269971,Result Declared
Madhya Pradesh,KHARGONE,27,GAJENDRA SINGH PATEL,Bharatiya Janata Party,PORLAL BATHA KHARTE,Indian National Congress,135018,Result Declared
Madhya Pradesh,MANDLA,14,FAGGAN SINGH KULASTE,Bharatiya Janata Party,OMKAR SINGH MARKAM,Indian National Congress,103846,Result Declared
Madhya Pradesh,MANDSOUR,23,SUDHEER GUPTA,Bharatiya Janata Party,DILIP SINGH GURJAR,Indian National Congress,500655,Result Declared
Madhya Pradesh,MORENA,1,SHIVMANGAL SINGH TOMAR,Bharatiya Janata Party,NEETU SATYAPAL SINGH SIKARWAR,Indian National Congress,52530,Result Declared
Madhya Pradesh,RAJGARH,20,RODMAL NAGAR,Bharatiya Janata Party,DIGVIJAYA SINGH,Indian National Congress,146089,Result Declared
Madhya Pradesh,RATLAM,24,ANITA NAGARSINGH CHOUHAN,Bharatiya Janata Party,KANTILAL BHURIA,Indian National Congress,207232,Result Declared
Madhya Pradesh,REWA,10,JANARDAN MISHRA,Bharatiya Janata Party,NEELAM ABHAY MISHRA,Indian National Congress,193374,Result Declared
Madhya Pradesh,SAGAR,5,DR. LATA WANKHEDE,Bharatiya Janata Party,CHANDRA BHUSAN SINGH BUNDELA 'GUDDU RAJA',Indian National Congress,471222,Result Declared
Madhya Pradesh,SATNA,9,GANESH SINGH,Bharatiya Janata Party,DABBU SIDDHARTH SUKHLAL KUSHWAHA,Indian National Congress,84949,Result Declared
Madhya Pradesh,SHAHDOL,12,SMT. HIMADRI SINGH,Bharatiya Janata Party,PHUNDE LAL SINGH MARKO,Indian National Congress,397340,Result Declared
Madhya Pradesh,SIDHI,11,DR. RAJESH MISHRA,Bharatiya Janata Party,KAMLESHWAR INDRAJIT KUMAR,Indian National Congress,206416,Result Declared
Madhya Pradesh,TIKAMGARH,6,DR. VIRENDRA KUMAR,Bharatiya Janata Party,KHUMAN URF PANKAJ AHIRWAR,Indian National Congress,403312,Result Declared
Madhya Pradesh,UJJAIN,22,ANIL FIROJIYA,Bharatiya Janata Party,MAHESH PARMAR,Indian National Congress,375860,Result Declared
Madhya Pradesh,VIDISHA,18,SHIVRAJ SINGH CHOUHAN,Bharatiya Janata Party,PRATAPBHANU SHARMA,Indian National Congress,821408,Result Declared
Maharashtra,Ahmednagar,37,NILESH DNYANDEV LANKE,Nationalist Congress Party – Sharadchandra Pawar,DR. SUJAY RADHAKRISHNA VIKHEPATIL,Bharatiya Janata Party,28929,Result Declared
Maharashtra,Akola,6,ANUP SANJAY DHOTRE,Bharatiya Janata Party,ABHAY KASHINATH PATIL,Indian National Congress,40626,Result Declared
Maharashtra,Amravati,7,BALWANT BASWANT WANKHADE,Indian National Congress,NAVNEET RAVI RANA,Bharatiya Janata Party,19731,Result Declared
Maharashtra,Aurangabad,19,BHUMARE SANDIPANRAO ASARAM,Shiv Sena,IMTIAZ JALEEL SYED,All India Majlis-E-Ittehadul Muslimeen,134650,Result Declared
Maharashtra,Baramati,35,SUPRIYA SULE,Nationalist Congress Party – Sharadchandra Pawar,SUNETRA AJITDADA PAWAR,Nationalist Congress Party,158333,Result Declared
Maharashtra,Beed,39,BAJRANG MANOHAR SONWANE,Nationalist Congress Party – Sharadchandra Pawar,PANKAJA GOPINATHRAO MUNDE,Bharatiya Janata Party,6250,Result in Progress
Maharashtra,Bhandara Gondiya,11,DR. PRASHANT YADAORAO PADOLE,Indian National Congress,SUNIL BABURAO MENDHE,Bharatiya Janata Party,37380,Result Declared
Maharashtra,Bhiwandi,23,BALYA MAMA - SURESH GOPINATH MHATRE,Nationalist Congress Party – Sharadchandra Pawar,KAPIL MORESHWAR PATIL,Bharatiya Janata Party,66121,Result Declared
Maharashtra,Buldhana,5,JADHAV PRATAPRAO GANPATRAO,Shiv Sena,NARENDRA DAGDU KHEDEKAR,Shiv Sena (Uddhav Balasaheb Thackrey),29479,Result Declared
Maharashtra,Chandrapur,13,DHANORKAR PRATIBHA SURESH ALIAS BALUBHAU,Indian National Congress,MUNGANTIWAR SUDHIR SACCHIDANAND,Bharatiya Janata Party,260406,Result Declared
Maharashtra,Dhule,2,BACHHAV SHOBHA DINESH,Indian National Congress,BHAMRE SUBHASH RAMRAO,Bharatiya Janata Party,3831,Result Declared
Maharashtra,Dindori,20,BHASKAR MURLIDHAR BHAGARE,Nationalist Congress Party – Sharadchandra Pawar,DR. BHARATI PRAVIN PAWAR,Bharatiya Janata Party,113199,Result Declared
Maharashtra,Gadchiroli - Chimur,12,DR. KIRSAN NAMDEO,Indian National Congress,ASHOK MAHADEORAO NETE,Bharatiya Janata Party,141696,Result Declared
Maharashtra,Hatkanangale,48,DHAIRYASHEEL SAMBHAJIRAO MANE,Shiv Sena,SATYAJEET BABASAHEB PATIL (AABA) SARUDKAR,Shiv Sena (Uddhav Balasaheb Thackrey),13426,Result Declared
Maharashtra,Hingoli,15,AASHTIKAR PATIL NAGESH BAPURAO,Shiv Sena (Uddhav Balasaheb Thackrey),BABURAO KADAM KOHALIKAR,Shiv Sena,108602,Result Declared
Maharashtra,Jalgaon,3,SMITA UDAY WAGH,Bharatiya Janata Party,KARAN BALASAHEB PATIL - PAWAR,Shiv Sena (Uddhav Balasaheb Thackrey),251594,Result Declared
Maharashtra,Jalna,18,KALYAN VAIJINATHRAO KALE,Indian National Congress,DANVE RAOSAHEB DADARAO,Bharatiya Janata Party,109958,Result Declared
Maharashtra,Kalyan,24,DR SHRIKANT EKNATH SHINDE,Shiv Sena,VAISHALI DAREKAR - RANE,Shiv Sena (Uddhav Balasaheb Thackrey),209144,Result Declared
Maharashtra,Kolhapur,47,CHHATRAPATI SHAHU SHAHAJI,Indian National Congress,SANJAY SADASHIVRAO MANDLIK,Shiv Sena,154964,Result Declared
Maharashtra,Latur,41,DR. KALGE SHIVAJI BANDAPPA,Indian National Congress,SUDHAKAR TUKARAM SHRANGARE,Bharatiya Janata Party,61881,Result Declared
Maharashtra,Madha,43,MOHITE-PATIL DHAIRYASHEEL RAJSINH,Nationalist Congress Party – Sharadchandra Pawar,RANJEETSINGH HINDURAO NAIK NIMBALKAR,Bharatiya Janata Party,120837,Result Declared
Maharashtra,Maval,33,SHRIRANG APPA CHANDU BARNE,Shiv Sena,SANJOG BHIKU WAGHERE PATIL,Shiv Sena (Uddhav Balasaheb Thackrey),96615,Result Declared
Maharashtra,Mumbai North,26,PIYUSH GOYAL,Bharatiya Janata Party,BHUSHAN PATIL,Indian National Congress,357608,Result Declared
Maharashtra,Mumbai North Central,29,GAIKWAD VARSHA EKNATH,Indian National Congress,ADV UJWAL NIKAM,Bharatiya Janata Party,16514,Result Declared
Maharashtra,Mumbai North East,28,SANJAY DINA PATIL,Shiv Sena (Uddhav Balasaheb Thackrey),MIHIR CHANDRAKANT KOTECHA,Bharatiya Janata Party,29861,Result Declared
Maharashtra,Mumbai North West,27,RAVINDRA DATTARAM WAIKAR,Shiv Sena,AMOL GAJANAN KIRTIKAR,Shiv Sena (Uddhav Balasaheb Thackrey),48,Result Declared
Maharashtra,Mumbai South,31,ARVIND GANPAT SAWANT,Shiv Sena (Uddhav Balasaheb Thackrey),YAMINI YASHWANT JADHAV,Shiv Sena,52673,Result Declared
Maharashtra,Mumbai South Central,30,ANIL YESHWANT DESAI,Shiv Sena (Uddhav Balasaheb Thackrey),RAHUL RAMESH SHEWALE,Shiv Sena,53384,Result Declared
Maharashtra,Nagpur,10,NITIN JAIRAM GADKARI,Bharatiya Janata Party,VIKAS THAKRE,Indian National Congress,137603,Result Declared
Maharashtra,Nanded,16,CHAVAN VASANTRAO BALWANTRAO,Indian National Congress,CHIKHALIKAR PRATAPRAO GOVINDRAO,Bharatiya Janata Party,59442,Result Declared
Maharashtra,Nandurbar,1,ADV GOWAAL KAGADA PADAVI,Indian National Congress,DR HEENA VIJAYKUMAR GAVIT,Bharatiya Janata Party,159120,Result Declared
Maharashtra,Nashik,21,RAJABHAU (PARAG) PRAKASH WAJE,Shiv Sena (Uddhav Balasaheb Thackrey),GODSE HEMANT TUKARAM,Shiv Sena,162001,Result Declared
Maharashtra,Osmanabad,40,OMPRAKASH BHUPALSINH ALIAS PAVAN RAJENIMBALKAR,Shiv Sena (Uddhav Balasaheb Thackrey),ARCHANA RANAJAGJITSINH PATIL,Nationalist Congress Party,329846,Result Declared
Maharashtra,Palghar,22,DR. HEMANT VISHNU SAVARA,Bharatiya Janata Party,BHARTI BHARAT KAMDI,Shiv Sena (Uddhav Balasaheb Thackrey),183306,Result Declared
Maharashtra,Parbhani,17,JADHAV SANJAY ( BANDU ) HARIBHAU,Shiv Sena (Uddhav Balasaheb Thackrey),JANKAR MAHADEV JAGANNATH,Rashtriya Samaj Paksha,134061,Result Declared
Maharashtra,Pune,34,MURLIDHAR MOHOL,Bharatiya Janata Party,DHANGEKAR RAVINDRA HEMRAJ,Indian National Congress,123038,Result Declared
Maharashtra,Raigad,32,TATKARE SUNIL DATTATREY,Nationalist Congress Party,ANANT GEETE,Shiv Sena (Uddhav Balasaheb Thackrey),82784,Result Declared
Maharashtra,Ramtek,9,Shyamkumar (Babalu) Daulat Barve,Indian National Congress,RAJU DEONATH PARVE,Shiv Sena,76768,Result Declared
Maharashtra,Ratnagiri- Sindhudurg,46,NARAYAN TATU RANE,Bharatiya Janata Party,VINAYAK BHAURAO RAUT,Shiv Sena (Uddhav Balasaheb Thackrey),47858,Result Declared
Maharashtra,Raver,4,KHADSE RAKSHA NIKHIL,Bharatiya Janata Party,SHRIRAM DAYARAM PATIL,Nationalist Congress Party – Sharadchandra Pawar,272183,Result Declared
Maharashtra,Sangli,44,VISHAL (DADA) PRAKASHBAPU PATIL,Independent,SANJAY (KAKA) PATIL,Bharatiya Janata Party,100053,Result Declared
Maharashtra,Satara,45,SHRIMANT CHH UDAYANRAJE PRATAPSINHAMAHARAJ BHONSLE,Bharatiya Janata Party,SHASHIKANT JAYVANTRAO SHINDE,Nationalist Congress Party – Sharadchandra Pawar,32771,Result Declared
Maharashtra,Shirdi,38,BHAUSAHEB RAJARAM WAKCHAURE,Shiv Sena (Uddhav Balasaheb Thackrey),LOKHANDE SADASHIV KISAN,Shiv Sena,50529,Result Declared
Maharashtra,Shirur,36,DR. AMOL RAMSING KOLHE,Nationalist Congress Party – Sharadchandra Pawar,ADHALRAO SHIVAJI DATTATREY,Nationalist Congress Party,140951,Result Declared
Maharashtra,Solapur,42,PRANITI SUSHILKUMAR SHINDE,Indian National Congress,RAM VITTHAL SATPUTE,Bharatiya Janata Party,74197,Result Declared
Maharashtra,Thane,25,NARESH GANPAT MHASKE,Shiv Sena,RAJAN BABURAO VICHARE,Shiv Sena (Uddhav Balasaheb Thackrey),217011,Result Declared
Maharashtra,Wardha,8,AMAR SHARADRAO KALE,Nationalist Congress Party – Sharadchandra Pawar,RAMDAS CHANDRABHAN TADAS,Bharatiya Janata Party,81648,Result Declared
Maharashtra,Yavatmal- Washim,14,SANJAY UTTAMRAO DESHMUKH,Shiv Sena (Uddhav Balasaheb Thackrey),RAJSHRITAI HEMANT PATIL (MAHALLE),Shiv Sena,94473,Result Declared
Manipur,Inner Manipur,1,ANGOMCHA BIMOL AKOIJAM,Indian National Congress,THOUNAOJAM BASANTA KUMAR SINGH,Bharatiya Janata Party,109801,Result Declared
Manipur,Outer Manipur,2,ALFRED KANNGAM S ARTHUR,Indian National Congress,KACHUI TIMOTHY ZIMIK,Naga Peoples Front,85418,Result Declared
Meghalaya,Shillong,1,DR. RICKY ANDREW J. SYNGKON,Voice of the People Party,VINCENT H. PALA,Indian National Congress,371910,Result Declared
Meghalaya,Tura,2,SALENG A SANGMA,Indian National Congress,AGATHA K SANGMA,National People's Party,155241,Result Declared
Mizoram,MIZORAM,1,RICHARD VANLALHMANGAIHA,Zoram People’s Movement,K VANLALVENA,Mizo National Front,68288,Result Declared
Nagaland,Nagaland,1,S SUPONGMEREN JAMIR,Indian National Congress,DR CHUMBEN MURRY,Nationalist Democratic Progressive Party,50984,Result Declared
Delhi,Chandni Chowk,1,PRAVEEN KHANDELWAL,Bharatiya Janata Party,JAI PRAKASH AGARWAL,Indian National Congress,89325,Result Declared
Delhi,East Delhi,3,HARSH MALHOTRA,Bharatiya Janata Party,KULDEEP KUMAR (MONU),Aam Aadmi Party,93663,Result Declared
Delhi,New Delhi,4,BANSURI SWARAJ,Bharatiya Janata Party,SOMNATH BHARTI,Aam Aadmi Party,78370,Result Declared
Delhi,North-East Delhi,2,MANOJ TIWARI,Bharatiya Janata Party,KANHAIYA KUMAR,Indian National Congress,138778,Result Declared
Delhi,North-West Delhi,5,YOGENDER CHANDOLIYA,Bharatiya Janata Party,UDIT RAJ,Indian National Congress,290849,Result Declared
Delhi,South Delhi,7,RAMVIR SINGH BIDHURI,Bharatiya Janata Party,SAHI RAM,Aam Aadmi Party,124333,Result Declared
Delhi,West Delhi,6,KAMALJEET SEHRAWAT,Bharatiya Janata Party,MAHABAL MISHRA,Aam Aadmi Party,199013,Result Declared
Odisha,Aska,19,ANITA SUBHADARSHINI,Bharatiya Janata Party,RANJITA SAHU,Biju Janata Dal,99974,Result Declared
Odisha,Balasore,6,PRATAP CHANDRA SARANGI,Bharatiya Janata Party,LEKHASRI SAMANTSINGHAR,Biju Janata Dal,147156,Result Declared
Odisha,Bargarh,1,PRADEEP PUROHIT,Bharatiya Janata Party,PARINITA MISHRA,Biju Janata Dal,251667,Result Declared
Odisha,Berhampur,20,DR. PRADEEP KUMAR PANIGRAHY,Bharatiya Janata Party,BHRUGU BAXIPATRA,Biju Janata Dal,165476,Result Declared
Odisha,Bhadrak,7,AVIMANYU SETHI,Bharatiya Janata Party,MANJULATA MANDAL,Biju Janata Dal,91544,Result Declared
Odisha,Bhubaneswar,18,APARAJITA SARANGI,Bharatiya Janata Party,MANMATH KUMAR ROUTRAY,Biju Janata Dal,35152,Result Declared
Odisha,Bolangir,10,SANGEETA KUMARI SINGH DEO,Bharatiya Janata Party,SURENDRA SINGH BHOI,Biju Janata Dal,132664,Result Declared
Odisha,Cuttack,14,BHARTRUHARI MAHTAB,Bharatiya Janata Party,SANTRUPT MISRA,Biju Janata Dal,57077,Result Declared
Odisha,Dhenkanal,9,RUDRA NARAYAN PANY,Bharatiya Janata Party,ABINASH SAMAL,Biju Janata Dal,76567,Result Declared
Odisha,Jagatsinghpur,16,BIBHU PRASAD TARAI,Bharatiya Janata Party,DR. RAJASHREE MALLICK,Biju Janata Dal,40696,Result Declared
Odisha,Jajpur,8,RABINDRA NARAYAN BEHERA,Bharatiya Janata Party,SARMISTHA SETHI,Biju Janata Dal,1587,Result Declared
Odisha,Kalahandi,11,MALVIKA DEVI,Bharatiya Janata Party,LAMBODAR NIAL,Biju Janata Dal,133813,Result Declared
Odisha,Kandhamal,13,SUKANTA KUMAR PANIGRAHI,Bharatiya Janata Party,ACHYUTANANDA SAMANTA,Biju Janata Dal,21371,Result Declared
Odisha,Kendrapara,15,BAIJAYANT PANDA,Bharatiya Janata Party,ANSHUMAN MOHANTY,Biju Janata Dal,66536,Result Declared
Odisha,Keonjhar,4,ANANTA NAYAK,Bharatiya Janata Party,DHANURJAYA SIDU,Biju Janata Dal,97042,Result Declared
Odisha,Koraput,21,SAPTAGIRI SANKAR ULAKA,Indian National Congress,KAUSALYA HIKAKA,Biju Janata Dal,147744,Result Declared
Odisha,Mayurbhanj,5,NABA CHARAN MAJHI,Bharatiya Janata Party,SUDAM MARNDI,Biju Janata Dal,219334,Result Declared
Odisha,Nabarangpur,12,BALABHADRA MAJHI,Bharatiya Janata Party,PRADEEP KUMAR MAJHI,Biju Janata Dal,87536,Result Declared
Odisha,Puri,17,SAMBIT PATRA,Bharatiya Janata Party,ARUP MOHAN PATNAIK,Biju Janata Dal,104709,Result Declared
Odisha,Sambalpur,3,DHARMENDRA PRADHAN,Bharatiya Janata Party,PRANAB PRAKASH DAS,Biju Janata Dal,119836,Result Declared
Odisha,Sundargarh,2,JUAL ORAM,Bharatiya Janata Party,DILIP KUMAR TIRKEY,Biju Janata Dal,138808,Result Declared
Puducherry,PUDUCHERRY,1,VE VAITHILINGAM,Indian National Congress,A NAMASSIVAYAM,Bharatiya Janata Party,136516,Result Declared
Punjab,Amritsar,2,GURJEET SINGH AUJLA,Indian National Congress,KULDEEP SINGH DHALIWAL,Aam Aadmi Party,40301,Result Declared
Punjab,Anandpur Sahib,6,MALVINDER SINGH KANG,Aam Aadmi Party,VIJAY INDER SINGLA,Indian National Congress,10846,Result Declared
Punjab,Bathinda,11,HARSIMRAT KAUR BADAL,Shiromani Akali Dal,GURMEET SINGH KHUDIAN,Aam Aadmi Party,49656,Result Declared
Punjab,Faridkot,9,SARABJEET SINGH KHALSA,Independent,KARAMJIT SINGH ANMOL,Aam Aadmi Party,70053,Result Declared
Punjab,Fatehgarh Sahib,8,AMAR SINGH,Indian National Congress,GURPREET SINGH GP,Aam Aadmi Party,34202,Result Declared
Punjab,Firozpur,10,SHER SINGH GHUBAYA,Indian National Congress,JAGDEEP SINGH KAKA BRAR,Aam Aadmi Party,3242,Result Declared
Punjab,Gurdaspur,1,SUKHJINDER SINGH RANDHAWA,Indian National Congress,DINESH SINGH BABBU,Bharatiya Janata Party,82861,Result Declared
Punjab,Hoshiarpur,5,DR. RAJ KUMAR CHABBEWAL,Aam Aadmi Party,YAMINI GOMAR,Indian National Congress,44111,Result Declared
Punjab,Jalandhar,4,CHARANJIT SINGH CHANNI,Indian National Congress,SUSHIL KUMAR RINKU,Bharatiya Janata Party,175993,Result Declared
Punjab,Khadoor Sahib,3,AMRITPAL SINGH,Independent,KULBIR SINGH ZIRA,Indian National Congress,197120,Result Declared
Punjab,Ludhiana,7,AMRINDER SINGH RAJA WARRING,Indian National Congress,RAVNEET SINGH BITTU,Bharatiya Janata Party,20942,Result Declared
Punjab,Patiala,13,DR DHARAMVIRA GANDHI,Indian National Congress,DR BALBIR SINGH,Aam Aadmi Party,14831,Result Declared
Punjab,Sangrur,12,GURMEET SINGH MEET HAYER,Aam Aadmi Party,SUKHPAL SINGH KHAIRA,Indian National Congress,172560,Result Declared
Rajasthan,AJMER,13,BHAGIRATH CHOUDHARY,Bharatiya Janata Party,RAMCHANDRA CHOUDHARY,Indian National Congress,329991,Result Declared
Rajasthan,ALWAR,8,BHUPENDER YADAV,Bharatiya Janata Party,LALIT YADAV,Indian National Congress,48282,Result Declared
Rajasthan,BANSWARA,20,RAJ KUMAR ROAT,Bharat Adivasi Party,MAHENDRAJEETSINGH MALVIYA,Bharatiya Janata Party,247054,Result Declared
Rajasthan,BARMER,17,UMMEDA RAM BENIWAL,Indian National Congress,RAVINDRA SINGH BHATI,Independent,118176,Result Declared
Rajasthan,BHARATPUR,9,SANJNA JATAV,Indian National Congress,RAMSWAROOP KOLI,Bharatiya Janata Party,51983,Result Declared
Rajasthan,BHILWARA,23,DAMODAR AGARWAL,Bharatiya Janata Party,C P JOSHI,Indian National Congress,354606,Result Declared
Rajasthan,BIKANER,2,ARJUN RAM MEGHWAL,Bharatiya Janata Party,GOVINDRAM MEGHWAL,Indian National Congress,55711,Result Declared
Rajasthan,CHITTORGARH,21,CHANDRA PRAKASH JOSHI,Bharatiya Janata Party,ANJANA UDAILAL,Indian National Congress,389877,Result Declared
Rajasthan,CHURU,3,RAHUL KASWAN,Indian National Congress,DEVENDRA JHAJHARIA,Bharatiya Janata Party,72737,Result Declared
Rajasthan,DAUSA,11,MURARI LAL MEENA,Indian National Congress,KANHAIYA LAL MEENA,Bharatiya Janata Party,237340,Result Declared
Rajasthan,GANGANAGAR,1,KULDEEP INDORA,Indian National Congress,PRIYANKA BALAN MEGHWAL,Bharatiya Janata Party,88153,Result Declared
Rajasthan,JAIPUR,7,MANJU SHARMA,Bharatiya Janata Party,PRATAP SINGH KHACHARIYAWAS,Indian National Congress,331767,Result Declared
Rajasthan,JAIPUR RURAL,6,RAO RAJENDRA SINGH,Bharatiya Janata Party,ANIL CHOPRA,Indian National Congress,1615,Result Declared
Rajasthan,JALORE,18,LUMBARAM,Bharatiya Janata Party,VAIBHAV GEHLOT,Indian National Congress,201543,Result Declared
Rajasthan,JHALAWAR-BARAN,25,DUSHYANT SINGH,Bharatiya Janata Party,URMILA JAIN “BHAYA”,Indian National Congress,370989,Result Declared
Rajasthan,JHUNJHUNU,4,BRIJENDRA SINGH OLA,Indian National Congress,SHUBHKARAN CHOUDHARY,Bharatiya Janata Party,18235,Result Declared
Rajasthan,JODHPUR,16,GAJENDRA SINGH SHEKHAWAT,Bharatiya Janata Party,KARAN SINGH UCHIYARDA,Indian National Congress,115677,Result Declared
Rajasthan,KARAULI-DHOLPUR,10,BHAJAN LAL JATAV,Indian National Congress,INDU DEVI,Bharatiya Janata Party,98945,Result Declared
Rajasthan,KOTA,24,OM BIRLA,Bharatiya Janata Party,PRAHLAD GUNJAL,Indian National Congress,41974,Result Declared
Rajasthan,NAGAUR,14,HANUMAN BENIWAL,Rashtriya Loktantrik Party,JYOTI MIRDHA,Bharatiya Janata Party,42225,Result Declared
Rajasthan,PALI,15,P. P. CHAUDHARY,Bharatiya Janata Party,SANGEETA BENIWAL,Indian National Congress,245351,Result Declared
Rajasthan,RAJSAMAND,22,MAHIMA KUMARI MEWAR,Bharatiya Janata Party,DR. DAMODAR GURJAR,Indian National Congress,392223,Result Declared
Rajasthan,SIKAR,5,AMRARAM,Communist Party of India (Marxist),SUMEDHANAND SARASWATI,Bharatiya Janata Party,72896,Result Declared
Rajasthan,TONK-SAWAI MADHOPUR,12,HARISH CHANDRA MEENA,Indian National Congress,SUKHBIR SINGH JAUNAPURIA,Bharatiya Janata Party,64949,Result Declared
Rajasthan,UDAIPUR,19,MANNA LAL RAWAT,Bharatiya Janata Party,TARACHAND MEENA,Indian National Congress,261608,Result Declared
Sikkim,Sikkim,1,INDRA HANG SUBBA,Sikkim Krantikari Morcha,BHARAT BASNETT,Citizen Action Party-Sikkim,80830,Result Declared
Tamil Nadu,ARAKKONAM,7,S JAGATHRATCHAKAN,Dravida Munnetra Kazhagam,L VIJAYAN,All India Anna Dravida Munnetra Kazhagam,306559,Result Declared
Tamil Nadu,ARANI,12,THARANIVENTHAN M S,Dravida Munnetra Kazhagam,"GAJENDRAN, G.V.",All India Anna Dravida Munnetra Kazhagam,208766,Result Declared
Tamil Nadu,CHENNAI CENTRAL,4,DAYANIDHI MARAN,Dravida Munnetra Kazhagam,VINOJ,Bharatiya Janata Party,244689,Result Declared
Tamil Nadu,CHENNAI NORTH,2,DR.KALANIDHI VEERASWAMY,Dravida Munnetra Kazhagam,R. MANOHAR,All India Anna Dravida Munnetra Kazhagam,339222,Result Declared
Tamil Nadu,CHENNAI SOUTH,3,T.SUMATHY (ALIAS) THAMIZHACHI THANGAPANDIAN,Dravida Munnetra Kazhagam,DR.TAMILISAI SOUNDARARAJAN,Bharatiya Janata Party,225945,Result in Progress
Tamil Nadu,CHIDAMBARAM,27,THIRUMAAVALAVAN THOL,Viduthalai Chiruthaigal Katchi,CHANDRAHASAN M,All India Anna Dravida Munnetra Kazhagam,103554,Result Declared
Tamil Nadu,COIMBATORE,20,GANAPATHY RAJKUMAR P,Dravida Munnetra Kazhagam,ANNAMALAI K,Bharatiya Janata Party,118068,Result Declared
Tamil Nadu,CUDDALORE,26,M.K. VISHNUPRASAD,Indian National Congress,P. SIVAKOZHUNDU,Desiya Murpokku Dravida Kazhagam,185896,Result Declared
Tamil Nadu,DHARMAPURI,10,MANI. A.,Dravida Munnetra Kazhagam,SOWMIYA ANBUMANI,Pattali Makkal Katchi,21300,Result Declared
Tamil Nadu,DINDIGUL,22,SACHITHANANTHAM R,Communist Party of India (Marxist),MOHAMED MUBARAK M A,All India Anna Dravida Munnetra Kazhagam,443821,Result Declared
Tamil Nadu,ERODE,17,K E PRAKASH,Dravida Munnetra Kazhagam,ASHOK KUMAR,All India Anna Dravida Munnetra Kazhagam,236566,Result Declared
Tamil Nadu,KALLAKURICHI,14,MALAIYARASAN D,Dravida Munnetra Kazhagam,KUMARAGURU R,All India Anna Dravida Munnetra Kazhagam,53784,Result Declared
Tamil Nadu,KANCHEEPURAM,6,SELVAM. G,Dravida Munnetra Kazhagam,RAJASEKAR. E,All India Anna Dravida Munnetra Kazhagam,221473,Result Declared
Tamil Nadu,KANNIYAKUMARI,39,VIJAYAKUMAR (Alias) VIJAY VASANTH,Indian National Congress,RADHAKRISHNAN P,Bharatiya Janata Party,179907,Result Declared
Tamil Nadu,KARUR,23,JOTHIMANI. S,Indian National Congress,THANGAVEL. L,All India Anna Dravida Munnetra Kazhagam,166816,Result Declared
Tamil Nadu,KRISHNAGIRI,9,GOPINATH K,Indian National Congress,JAYAPRAKASH V,All India Anna Dravida Munnetra Kazhagam,192486,Result Declared
Tamil Nadu,MADURAI,32,VENKATESAN S,Communist Party of India (Marxist),RAAMA SREENIVASAN,Bharatiya Janata Party,209409,Result Declared
Tamil Nadu,MAYILADUTHURAI,28,SUDHA R,Indian National Congress,BABU P,All India Anna Dravida Munnetra Kazhagam,271183,Result Declared
Tamil Nadu,NAGAPATTINAM,29,SELVARAJ V,Communist Party of India,DR SURSITH SANKAR G,All India Anna Dravida Munnetra Kazhagam,208957,Result Declared
Tamil Nadu,NAMAKKAL,16,MATHESWARAN V S,Dravida Munnetra Kazhagam,TAMILMANI S,All India Anna Dravida Munnetra Kazhagam,29112,Result Declared
Tamil Nadu,NILGIRIS,19,RAJA A,Dravida Munnetra Kazhagam,DR MURUGAN L,Bharatiya Janata Party,240585,Result Declared
Tamil Nadu,PERAMBALUR,25,ARUN NEHRU,Dravida Munnetra Kazhagam,CHANDRAMOHAN N D,All India Anna Dravida Munnetra Kazhagam,389107,Result Declared
Tamil Nadu,POLLACHI,21,ESWARASAMY K,Dravida Munnetra Kazhagam,KARTHIKEYAN A,All India Anna Dravida Munnetra Kazhagam,252042,Result Declared
Tamil Nadu,RAMANATHAPURAM,35,NAVASKANI K,Indian Union Muslim League,PANNEERSELVAM O S/O OTTAKARATHEVAR,Independent,166782,Result Declared
Tamil Nadu,SALEM,15,SELVAGANAPATHI T M,Dravida Munnetra Kazhagam,VIGNESH P,All India Anna Dravida Munnetra Kazhagam,70357,Result Declared
Tamil Nadu,SIVAGANGA,31,KARTI P CHIDAMBARAM,Indian National Congress,XAVIERDASS A,All India Anna Dravida Munnetra Kazhagam,205664,Result Declared
Tamil Nadu,SRIPERUMBUDUR,5,T R BAALU,Dravida Munnetra Kazhagam,G PREMKUMAR,All India Anna Dravida Munnetra Kazhagam,487029,Result Declared
Tamil Nadu,TENKASI,37,DR RANI SRI KUMAR,Dravida Munnetra Kazhagam,DR K KRISHNASAMY,All India Anna Dravida Munnetra Kazhagam,196199,Result Declared
Tamil Nadu,THANJAVUR,30,MURASOLI S,Dravida Munnetra Kazhagam,SIVANESAN P,Desiya Murpokku Dravida Kazhagam,319583,Result Declared
Tamil Nadu,THENI,33,THANGA TAMILSELVAN,Dravida Munnetra Kazhagam,TTV DHINAKARAN,Amma Makkal Munnettra Kazagam,278825,Result Declared
Tamil Nadu,THOOTHUKKUDI,36,KANIMOZHI KARUNANIDHI,Dravida Munnetra Kazhagam,SIVASAMY VELUMANI R,All India Anna Dravida Munnetra Kazhagam,392738,Result Declared
Tamil Nadu,TIRUCHIRAPPALLI,24,DURAI VAIKO,Marumalarchi Dravida Munnetra Kazhagam,KARUPPAIAH. P,All India Anna Dravida Munnetra Kazhagam,313094,Result Declared
Tamil Nadu,TIRUNELVELI,38,ROBERT BRUCE C,Indian National Congress,NAINAR NAGENTHRAN,Bharatiya Janata Party,165620,Result Declared
Tamil Nadu,TIRUPPUR,18,"SUBBARAYAN, K.",Communist Party of India,"ARUNACHALAM, P.",All India Anna Dravida Munnetra Kazhagam,125928,Result Declared
Tamil Nadu,TIRUVALLUR,1,Sasikanth Senthil,Indian National Congress,"Balaganapathy, V. Pon",Bharatiya Janata Party,572155,Result Declared
Tamil Nadu,TIRUVANNAMALAI,11,"ANNADURAI, C.N.",Dravida Munnetra Kazhagam,KALIYAPERUMAL M,All India Anna Dravida Munnetra Kazhagam,233931,Result Declared
Tamil Nadu,VELLORE,8,DM KATHIR ANAND,Dravida Munnetra Kazhagam,AC SHANMUGAM,Bharatiya Janata Party,215702,Result Declared
Tamil Nadu,VILUPPURAM,13,RAVIKUMAR. D,Viduthalai Chiruthaigal Katchi,BHAGYARAJ. J,All India Anna Dravida Munnetra Kazhagam,70703,Result Declared
Tamil Nadu,VIRUDHUNAGAR,34,MANICKAM TAGORE B,Indian National Congress,VIJAYAPRABHAKARAN V,Desiya Murpokku Dravida Kazhagam,4379,Result Declared
Telangana,Adilabad,1,GODAM NAGESH,Bharatiya Janata Party,ATHRAM SUGUNA,Indian National Congress,90652,Result Declared
Telangana,Bhongir,14,CHAMALA KIRAN KUMAR REDDY,Indian National Congress,DR. BOORA NARSAIAH GOUD,Bharatiya Janata Party,222170,Result Declared
Telangana,Chevella,10,KONDA VISHWESHWAR REDDY,Bharatiya Janata Party,DR GADDAM RANJITH REDDY,Indian National Congress,172897,Result Declared
Telangana,Hyderabad,9,ASADUDDIN OWAISI,All India Majlis-E-Ittehadul Muslimeen,MADHAVI LATHA KOMPELLA,Bharatiya Janata Party,338087,Result Declared
Telangana,Karimnagar,3,BANDI SANJAY KUMAR,Bharatiya Janata Party,VELCHALA RAJENDER RAO,Indian National Congress,225209,Result Declared
Telangana,Khammam,17,RAMASAHAYAM RAGHURAM REDDY,Indian National Congress,NAMA NAGESWARA RAO,Bharat Rashtra Samithi,467847,Result Declared
Telangana,Mahabubabad,16,BALRAM NAIK PORIKA,Indian National Congress,KAVITHA MALOTH,Bharat Rashtra Samithi,349165,Result Declared
Telangana,Mahbubnagar,11,ARUNA. D. K,Bharatiya Janata Party,CHALLA VAMSHI CHAND REDDY,Indian National Congress,4500,Result Declared
Telangana,Malkajgiri,7,EATALA RAJENDER,Bharatiya Janata Party,PATNAM SUNEETHA MAHENDER REDDY,Indian National Congress,391475,Result Declared
Telangana,Medak,6,MADHAVANENI RAGHUNANDAN RAO,Bharatiya Janata Party,NEELAM MADHU,Indian National Congress,39139,Result Declared
Telangana,Nagarkurnool,12,DR.MALLU RAVI,Indian National Congress,BHARATH PRASAD POTHUGANTI,Bharatiya Janata Party,94414,Result Declared
Telangana,Nalgonda,13,KUNDURU RAGHUVEER,Indian National Congress,SAIDI REDDY SHANAMPUDI,Bharatiya Janata Party,559905,Result Declared
Telangana,Nizamabad,4,ARVIND DHARMAPURI,Bharatiya Janata Party,JEEVANREDDY THATIPARTHI,Indian National Congress,109241,Result Declared
Telangana,Peddapalle,2,VAMSI KRISHNA GADDAM,Indian National Congress,SRINIVAS GOMASE,Bharatiya Janata Party,131364,Result Declared
Telangana,Secunderabad,8,G. KISHAN REDDY,Bharatiya Janata Party,DANAM NAGENDER,Indian National Congress,49944,Result Declared
Telangana,Warangal,15,KADIYAM KAVYA,Indian National Congress,AROORI RAMESH,Bharatiya Janata Party,220339,Result Declared
Telangana,Zahirabad,5,SURESH KUMAR SHETKAR,Indian National Congress,B. B. PATIL,Bharatiya Janata Party,46188,Result Declared
Tripura,Tripura East,2,KRITI DEVI DEBBARMAN,Bharatiya Janata Party,RAJENDRA REANG,Communist Party of India (Marxist),486819,Result Declared
Tripura,Tripura West,1,BIPLAB KUMAR DEB,Bharatiya Janata Party,ASISH KUMAR SAHA,Indian National Congress,611578,Result Declared
Uttar Pradesh,Agra,18,PROF S P SINGH BAGHEL,Bharatiya Janata Party,SURESH CHAND KARDAM,Samajwadi Party,271294,Result Declared
Uttar Pradesh,Akbarpur,44,DEVENDRA SINGH ALIAS BHOLE SINGH,Bharatiya Janata Party,RAJARAM PAL,Samajwadi Party,44345,Result Declared
Uttar Pradesh,Aligarh,15,SATISH KUMAR GAUTAM,Bharatiya Janata Party,BIJENDRA SINGH,Samajwadi Party,15647,Result Declared
Uttar Pradesh,Allahabad,52,UJJWAL RAMAN SINGH,Indian National Congress,NEERAJ TRIPATHI,Bharatiya Janata Party,58795,Result Declared
Uttar Pradesh,Ambedkar Nagar,55,LALJI VERMA,Samajwadi Party,RITESH PANDEY,Bharatiya Janata Party,137247,Result Declared
Uttar Pradesh,Amethi,37,KISHORI LAL,Indian National Congress,SMRITI IRANI,Bharatiya Janata Party,167196,Result Declared
Uttar Pradesh,Amroha,9,KANWAR SINGH TANWAR,Bharatiya Janata Party,KUNWAR DANISH ALI,Indian National Congress,28670,Result Declared
Uttar Pradesh,Aonla,24,NEERAJ MAURYA,Samajwadi Party,DHARMENDRA KASHYAP,Bharatiya Janata Party,15969,Result Declared
Uttar Pradesh,Azamgarh,69,DHARMENDRA YADAV,Samajwadi Party,DINESH LAL YADAV “NIRAHUA”,Bharatiya Janata Party,161035,Result Declared
Uttar Pradesh,Badaun,23,ADITYA YADAV,Samajwadi Party,DURVIJAY SINGH SHAKYA,Bharatiya Janata Party,34991,Result Declared
Uttar Pradesh,Baghpat,11,DR RAJKUMAR SANGWAN,Rashtriya Lok Dal,AMARPAL,Samajwadi Party,159459,Result Declared
Uttar Pradesh,Baharaich,56,ANAND KUMAR,Bharatiya Janata Party,RAMESH CHANDRA,Samajwadi Party,64227,Result Declared
Uttar Pradesh,Ballia,72,SANATAN PANDEY,Samajwadi Party,NEERAJ SHEKHAR,Bharatiya Janata Party,43384,Result Declared
Uttar Pradesh,Banda,48,KRISHNA DEVI SHIVSHANKER PATEL,Samajwadi Party,R. K. SINGH PATEL,Bharatiya Janata Party,71210,Result Declared
Uttar Pradesh,Bansgaon,67,KAMLESH PASWAN,Bharatiya Janata Party,SADAL PRASAD,Indian National Congress,3150,Result Declared
Uttar Pradesh,Barabanki,53,TANUJ PUNIA,Indian National Congress,RAJRANI RAWAT,Bharatiya Janata Party,215704,Result Declared
Uttar Pradesh,Bareilly,25,CHHATRA PAL SINGH GANGWAR,Bharatiya Janata Party,PRAVEEN SINGH ARON,Samajwadi Party,34804,Result Declared
Uttar Pradesh,Basti,61,RAM PRASAD CHAUDHARY,Samajwadi Party,HARISH CHANDRA ALIAS HARISH DWIVEDI,Bharatiya Janata Party,100994,Result Declared
Uttar Pradesh,Bhadohi,78,DR. VINOD KUMAR BIND,Bharatiya Janata Party,LALITESHPATI TRIPATHI,All India Trinamool Congress,44072,Result Declared
Uttar Pradesh,Bijnor,4,CHANDAN CHAUHAN,Rashtriya Lok Dal,DEEPAK,Samajwadi Party,37508,Result Declared
Uttar Pradesh,Bulandshahr,14,DR BHOLA SINGH,Bharatiya Janata Party,SHIVRAM,Indian National Congress,275134,Result Declared
Uttar Pradesh,Chandauli,76,BIRENDRA SINGH,Samajwadi Party,DR. MAHENDRA NATH PANDEY,Bharatiya Janata Party,21565,Result Declared
Uttar Pradesh,Deoria,66,SHASHANK MANI,Bharatiya Janata Party,AKHILESH PRATAP SINGH,Indian National Congress,34842,Result Declared
Uttar Pradesh,Dhaurahra,29,ANAND BHADAURIYA,Samajwadi Party,REKHA VERMA,Bharatiya Janata Party,4449,Result Declared
Uttar Pradesh,Domariyaganj,60,JAGDAMBIKA PAL,Bharatiya Janata Party,BHISHMA SHANKAR ALIAS KUSHAL TIWARI,Samajwadi Party,42728,Result Declared
Uttar Pradesh,Etah,22,DEVESH SHAKYA,Samajwadi Party,RAJVEER SINGH (RAJU BHAIYA),Bharatiya Janata Party,28052,Result Declared
Uttar Pradesh,Etawah,41,JITENDRA KUMAR DOHARE,Samajwadi Party,DR RAM SHANKAR KATHERIA,Bharatiya Janata Party,58419,Result Declared
Uttar Pradesh,Faizabad,54,AWADHESH PRASAD,Samajwadi Party,LALLU SINGH,Bharatiya Janata Party,54567,Result Declared
Uttar Pradesh,Farrukhabad,40,MUKESH RAJPUT,Bharatiya Janata Party,DR. NAVAL KISHOR SHAKYA,Samajwadi Party,2678,Result Declared
Uttar Pradesh,Fatehpur,49,NARESH CHANDRA UTTAM PATEL,Samajwadi Party,NIRANJAN JYOTI,Bharatiya Janata Party,33199,Result Declared
Uttar Pradesh,Fatehpur Sikri,19,RAJKUMAR CHAHAR,Bharatiya Janata Party,RAMNATH SINGH SIKARWAR,Indian National Congress,43405,Result Declared
Uttar Pradesh,Firozabad,20,AKSHAYA YADAV,Samajwadi Party,VISHWADEEP SINGH,Bharatiya Janata Party,89312,Result Declared
Uttar Pradesh,Gautam Buddha Nagar,13,DR. MAHESH SHARMA,Bharatiya Janata Party,DR. MAHENDRA SINGH NAGAR,Samajwadi Party,559472,Result Declared
Uttar Pradesh,Ghaziabad,12,ATUL GARG,Bharatiya Janata Party,DOLLY SHARMA,Indian National Congress,336965,Result Declared
Uttar Pradesh,Ghazipur,75,AFZAL ANSARI,Samajwadi Party,PARS NATH RAI,Bharatiya Janata Party,124861,Result Declared
Uttar Pradesh,Ghosi,70,RAJEEV RAI,Samajwadi Party,DR. ARVIND RAJBHAR,Suheldev Bharatiya Samaj Party,162943,Result Declared
Uttar Pradesh,Gonda,59,KIRTIVARDHAN SINGH,Bharatiya Janata Party,SHREYA VERMA,Samajwadi Party,46224,Result Declared
Uttar Pradesh,Gorakhpur,64,RAVINDRA SHUKLA ALIAS RAVI KISHAN,Bharatiya Janata Party,KAJAL NISHAD,Samajwadi Party,103526,Result Declared
Uttar Pradesh,Hamirpur,47,AJENDRA SINGH LODHI,Samajwadi Party,KUNWAR PUSHPENDRA SINGH CHANDEL,Bharatiya Janata Party,2629,Result Declared
Uttar Pradesh,Hardoi,31,JAI PRAKASH,Bharatiya Janata Party,USHA VERMA,Samajwadi Party,27856,Result Declared
Uttar Pradesh,Hathras,16,ANOOP PRADHAN BALMIKI,Bharatiya Janata Party,JASVEER VALMIKI,Samajwadi Party,247318,Result Declared
Uttar Pradesh,Jalaun,45,NARAYAN DAS AHIRWAR,Samajwadi Party,BHANU PRATAP SINGH VERMA,Bharatiya Janata Party,53898,Result Declared
Uttar Pradesh,Jaunpur,73,BABU SINGH KUSHWAHA,Samajwadi Party,KRIPASHANKAR SINGH,Bharatiya Janata Party,99335,Result Declared
Uttar Pradesh,Jhansi,46,ANURAG SHARMA,Bharatiya Janata Party,"PRADEEP JAIN ""ADITYA""",Indian National Congress,102614,Result Declared
Uttar Pradesh,Kairana,2,IQRA CHOUDHARY,Samajwadi Party,PRADEEP KUMAR,Bharatiya Janata Party,69116,Result Declared
Uttar Pradesh,Kaiserganj,57,KARAN BHUSHAN SINGH,Bharatiya Janata Party,BHAGAT RAM,Samajwadi Party,148843,Result Declared
Uttar Pradesh,Kannauj,42,AKHILESH YADAV,Samajwadi Party,SUBRAT PATHAK,Bharatiya Janata Party,170922,Result Declared
Uttar Pradesh,Kanpur,43,RAMESH AWASTHI,Bharatiya Janata Party,ALOK MISRA,Indian National Congress,20968,Result Declared
Uttar Pradesh,Kaushambi,50,PUSHPENDRA SAROJ,Samajwadi Party,VINOD KUMAR SONKAR,Bharatiya Janata Party,103944,Result Declared
Uttar Pradesh,Kheri,28,UTKARSH VERMA 'MADHUR',Samajwadi Party,AJAY KUMAR,Bharatiya Janata Party,34329,Result Declared
Uttar Pradesh,Kushi Nagar,65,VIJAY KUMAR DUBAY,Bharatiya Janata Party,AJAY PRATAP SINGH URF PINTU SAITHWAR,Samajwadi Party,81790,Result Declared
Uttar Pradesh,Lalganj,68,DAROGA PRASAD SAROJ,Samajwadi Party,NEELAM SONKER,Bharatiya Janata Party,115023,Result Declared
Uttar Pradesh,Lucknow,35,RAJ NATH SINGH,Bharatiya Janata Party,RAVIDAS MEHROTRA,Samajwadi Party,135159,Result Declared
Uttar Pradesh,Machhlishahr,74,PRIYA SAROJ,Samajwadi Party,BHOLANATH (B.P. SAROJ),Bharatiya Janata Party,35850,Result Declared
Uttar Pradesh,Maharajganj,63,PANKAJ CHAUDHARY,Bharatiya Janata Party,VIRENDRA CHAUDHARY,Indian National Congress,35451,Result Declared
Uttar Pradesh,Mainpuri,21,DIMPLE YADAV,Samajwadi Party,JAYVEER SINGH,Bharatiya Janata Party,221639,Result Declared
Uttar Pradesh,Mathura,17,HEMAMALINI DHARMENDRA DEOL,Bharatiya Janata Party,MUKESH DHANGAR,Indian National Congress,293407,Result Declared
Uttar Pradesh,Meerut,10,ARUN GOVIL,Bharatiya Janata Party,SUNITA VERMA,Samajwadi Party,10585,Result Declared
Uttar Pradesh,Mirzapur,79,ANUPRIYA PATEL,Apna Dal (Soneylal),RAMESH CHAND BIND,Samajwadi Party,37810,Result Declared
Uttar Pradesh,Misrikh,32,ASHOK KUMAR RAWAT,Bharatiya Janata Party,SANGITA RAJVANSHI,Samajwadi Party,33406,Result Declared
Uttar Pradesh,Mohanlalganj,34,R.K. CHAUDHARY,Samajwadi Party,KAUSHAL KISHORE,Bharatiya Janata Party,70292,Result Declared
Uttar Pradesh,Moradabad,6,RUCHI VIRA,Samajwadi Party,KUNWAR SARVESH KUMAR,Bharatiya Janata Party,105762,Result Declared
Uttar Pradesh,Muzaffarnagar,3,HARENDRA SINGH MALIK,Samajwadi Party,SANJEEV KUMAR BALYAN,Bharatiya Janata Party,24672,Result Declared
Uttar Pradesh,Nagina,5,CHANDRASHEKHAR,Aazad Samaj Party (Kanshi Ram),OM KUMAR,Bharatiya Janata Party,151473,Result Declared
Uttar Pradesh,Phulpur,51,PRAVEEN PATEL,Bharatiya Janata Party,AMAR NATH SINGH MAURYA,Samajwadi Party,4332,Result Declared
Uttar Pradesh,Pilibhit,26,JITIN PRASADA,Bharatiya Janata Party,BHAGWAT SARAN GANGWAR,Samajwadi Party,164935,Result Declared
Uttar Pradesh,Pratapgarh,39,SHIV PAL SINGH PATEL (DR. S P SINGH),Samajwadi Party,SANGAM LAL GUPTA,Bharatiya Janata Party,66206,Result Declared
Uttar Pradesh,Rae Bareli,36,RAHUL GANDHI,Indian National Congress,DINESH PRATAP SINGH,Bharatiya Janata Party,390030,Result Declared
Uttar Pradesh,Rampur,7,MOHIBBULLAH,Samajwadi Party,GHANSHYAM SINGH LODHI,Bharatiya Janata Party,87434,Result Declared
Uttar Pradesh,Robertsganj,80,CHHOTELAL,Samajwadi Party,RINKI SINGH,Apna Dal (Soneylal),129234,Result Declared
Uttar Pradesh,Saharanpur,1,IMRAN MASOOD,Indian National Congress,RAGHAV LAKHANPAL,Bharatiya Janata Party,64542,Result Declared
Uttar Pradesh,Salempur,71,RAMASHANKAR RAJBHAR,Samajwadi Party,RAVINDAR KUSHAWAHA,Bharatiya Janata Party,3573,Result Declared
Uttar Pradesh,Sambhal,8,ZIA UR REHMAN,Samajwadi Party,PARMESHWAR LAL SAINI,Bharatiya Janata Party,121494,Result Declared
Uttar Pradesh,Sant Kabir Nagar,62,LAXMIKANT PAPPU NISHAD,Samajwadi Party,PRAVIN KUMAR NISHAD,Bharatiya Janata Party,92170,Result Declared
Uttar Pradesh,Shahjahanpur,27,ARUN KUMAR SAGAR,Bharatiya Janata Party,JYOTSNA GOND,Samajwadi Party,55379,Result Declared
Uttar Pradesh,Shrawasti,58,RAM SHIROMANI VERMA,Samajwadi Party,SAKET MISRA,Bharatiya Janata Party,76673,Result Declared
Uttar Pradesh,Sitapur,30,RAKESH RATHOR,Indian National Congress,RAJESH VERMA,Bharatiya Janata Party,89641,Result Declared
Uttar Pradesh,Sultanpur,38,RAMBHUAL NISHAD,Samajwadi Party,MANEKA SANJAY GANDHI,Bharatiya Janata Party,43174,Result Declared
Uttar Pradesh,Unnao,33,SWAMI SACHCHIDANAND HARI SAKSHI,Bharatiya Janata Party,ANNU TANDON,Samajwadi Party,35818,Result Declared
Uttar Pradesh,Varanasi,77,NARENDRA MODI,Bharatiya Janata Party,AJAY RAI,Indian National Congress,152513,Result Declared
Uttarakhand,Almora,3,AJAY TAMTA,Bharatiya Janata Party,PRADEEP TAMTA,Indian National Congress,234097,Result Declared
Uttarakhand,Garhwal,2,ANIL BALUNI,Bharatiya Janata Party,GANESH GODIYAL,Indian National Congress,163503,Result Declared
Uttarakhand,Haridwar,5,TRIVENDRA SINGH RAWAT,Bharatiya Janata Party,VIRENDRA RAWAT,Indian National Congress,164056,Result Declared
Uttarakhand,Nainital-Udhamsingh Nagar,4,AJAY BHATT,Bharatiya Janata Party,PRAKASH JOSHI,Indian National Congress,334548,Result Declared
Uttarakhand,Tehri Garhwal,1,MALA RAJYA LAKSHMI SHAH,Bharatiya Janata Party,JOT SINGH GUNSOLA,Indian National Congress,272493,Result Declared
West Bengal,Alipurduars,2,MANOJ TIGGA,Bharatiya Janata Party,PRAKASH CHIK BARAIK,All India Trinamool Congress,75447,Result Declared
West Bengal,Arambagh,29,BAG MITALI,All India Trinamool Congress,ARUP KANTI DIGAR,Bharatiya Janata Party,6399,Result Declared
West Bengal,Asansol,40,SHATRUGHAN PRASAD SINHA,All India Trinamool Congress,SURENDRAJEET SINGH AHLUWALIA,Bharatiya Janata Party,59564,Result Declared
West Bengal,Baharampur,10,PATHAN YUSUF,All India Trinamool Congress,ADHIR RANJAN CHOWDHURY,Indian National Congress,85022,Result Declared
West Bengal,Balurghat,6,SUKANTA MAJUMDAR,Bharatiya Janata Party,BIPLAB MITRA,All India Trinamool Congress,10386,Result Declared
West Bengal,Bangaon,14,SHANTANU THAKUR,Bharatiya Janata Party,BISWAJIT DAS S/O LATE BIJAY KRISHNA DAS,All India Trinamool Congress,73693,Result Declared
West Bengal,Bankura,36,ARUP CHAKRABORTY,All India Trinamool Congress,DR. SUBHAS SARKAR,Bharatiya Janata Party,32778,Result Declared
West Bengal,Barasat,17,KAKOLI GHOSH DASTIDAR,All India Trinamool Congress,SWAPAN MAJUMDER,Bharatiya Janata Party,114189,Result Declared
West Bengal,Bardhaman Purba,38,DR. SHARMILA SARKAR,All India Trinamool Congress,ASIM KUMAR SARKAR,Bharatiya Janata Party,160572,Result Declared
West Bengal,Bardhaman-Durgapur,39,AZAD KIRTI JHA,All India Trinamool Congress,DILIP GHOSH,Bharatiya Janata Party,137981,Result Declared
West Bengal,Barrackpur,15,PARTHA BHOWMICK,All India Trinamool Congress,ARJUN SINGH,Bharatiya Janata Party,64438,Result Declared
West Bengal,Basirhat,18,SK NURUL ISLAM,All India Trinamool Congress,REKHA PATRA,Bharatiya Janata Party,333547,Result Declared
West Bengal,Birbhum,42,SATABDI ROY,All India Trinamool Congress,DEBTANU BHATTACHARYA,Bharatiya Janata Party,197650,Result Declared
West Bengal,Bishnupur,37,KHAN SAUMITRA,Bharatiya Janata Party,SUJATA MONDAL,All India Trinamool Congress,5567,Result Declared
West Bengal,Bolpur,41,ASIT KUMAR MAL,All India Trinamool Congress,PIYA SAHA,Bharatiya Janata Party,327253,Result Declared
West Bengal,Coochbehar,1,JAGADISH CHANDRA BARMA BASUNIA,All India Trinamool Congress,NISITH PRAMANIK,Bharatiya Janata Party,39250,Result Declared
West Bengal,Darjeeling,4,RAJU BISTA,Bharatiya Janata Party,GOPAL LAMA,All India Trinamool Congress,178525,Result Declared
West Bengal,Diamond harbour,21,ABHISHEK BANERJEE,All India Trinamool Congress,ABHIJIT DAS (BOBBY),Bharatiya Janata Party,710930,Result Declared
West Bengal,Dum dum,16,SOUGATA RAY,All India Trinamool Congress,SILBHADRA DATTA,Bharatiya Janata Party,70660,Result Declared
West Bengal,Ghatal,32,ADHIKARI DEEPAK (DEV),All India Trinamool Congress,DR. HIRANMOY CHATTOPADHYAYA,Bharatiya Janata Party,182868,Result Declared
West Bengal,Hooghly,28,RACHNA BANERJEE,All India Trinamool Congress,LOCKET CHATTERJEE,Bharatiya Janata Party,76853,Result Declared
West Bengal,Howrah,25,PRASUN BANERJEE,All India Trinamool Congress,DR RATHIN CHAKRAVARTY,Bharatiya Janata Party,169442,Result Declared
West Bengal,Jadavpur,22,SAYANI GHOSH,All India Trinamool Congress,DR. ANIRBAN GANGULY,Bharatiya Janata Party,258201,Result Declared
West Bengal,Jalpaiguri,3,DR JAYANTA KUMAR ROY,Bharatiya Janata Party,NIRMAL CHANDRA ROY,All India Trinamool Congress,86693,Result Declared
West Bengal,Jangipur,9,KHALILUR RAHAMAN,All India Trinamool Congress,MURTOJA HOSSAIN BOKUL,Indian National Congress,116637,Result Declared
West Bengal,Jhargram,33,KALIPADA SAREN (KHERWAL),All India Trinamool Congress,DR. PRANAT TUDU,Bharatiya Janata Party,174048,Result Declared
West Bengal,Joynagar,19,PRATIMA MONDAL,All India Trinamool Congress,ASHOK KANDARY,Bharatiya Janata Party,470219,Result Declared
West Bengal,Kanthi,31,ADHIKARI SOUMENDU,Bharatiya Janata Party,UTTAM BARIK SON OF LATE BIRENDRA BARIK,All India Trinamool Congress,47764,Result Declared
West Bengal,Kolkata Dakshin,23,MALA ROY,All India Trinamool Congress,DEBASREE CHAUDHURI,Bharatiya Janata Party,187231,Result Declared
West Bengal,Kolkata Uttar,24,BANDYOPADHYAY SUDIP,All India Trinamool Congress,TAPAS ROY,Bharatiya Janata Party,92560,Result Declared
West Bengal,Krishnanagar,12,MAHUA MOITRA,All India Trinamool Congress,AMRITA ROY,Bharatiya Janata Party,56705,Result Declared
West Bengal,Maldaha Dakshin,8,ISHA KHAN CHOUDHURY,Indian National Congress,SREERUPA MITRA CHAUDHURY (NIRBHAYA DIDI),Bharatiya Janata Party,128368,Result Declared
West Bengal,Maldaha Uttar,7,KHAGEN MURMU,Bharatiya Janata Party,PRASUN BANERJEE,All India Trinamool Congress,77708,Result Declared
West Bengal,Mathurapur,20,BAPI HALDAR,All India Trinamool Congress,ASHOK PURKAIT,Bharatiya Janata Party,201057,Result Declared
West Bengal,Medinipur,34,JUNE MALIAH,All India Trinamool Congress,AGNIMITRA PAUL,Bharatiya Janata Party,27191,Result Declared
West Bengal,Murshidabad,11,ABU TAHER KHAN,All India Trinamool Congress,MD SALIM,Communist Party of India (Marxist),164215,Result Declared
West Bengal,Purulia,35,JYOTIRMAY SINGH MAHATO,Bharatiya Janata Party,SHANTIRAM MAHATO,All India Trinamool Congress,17079,Result Declared
West Bengal,Raiganj,5,KARTICK CHANDRA PAUL,Bharatiya Janata Party,KALYANI KRISHNA,All India Trinamool Congress,68197,Result Declared
West Bengal,Ranaghat,13,JAGANNATH SARKAR,Bharatiya Janata Party,MUKUT MANI ADHIKARI,All India Trinamool Congress,186899,Result Declared
West Bengal,Srerampur,27,KALYAN BANERJEE,All India Trinamool Congress,KABIR SHANKAR BOSE,Bharatiya Janata Party,174830,Result Declared
West Bengal,Tamluk,30,ABHIJIT GANGOPADHYAY,Bharatiya Janata Party,DEBANGSHU BHATTACHARYA,All India Trinamool Congress,77733,Result Declared
West Bengal,Uluberia,26,SAJDA AHMED,All India Trinamool Congress,ARUNUDAY PAULCHOWDHURY,Bharatiya Janata Party,218673,Result Declared
